ImpressionID,UserID,SessionID,AdID,AdCategory,Timestamp,Device,OS,Browser,Location,PageID,Referrer,ImpressionCost,ClickID,ClickPosition,ClickCost
imp1,user74,sess171,ad49,Entertainment,2023-01-20 18:37:52,Desktop,macOS,Firefox,India,page95,LinkedIn,0.345810510212152,click1,Footer,0.079446032612875
imp8,user15,sess131,ad26,Electronics,2023-03-19 07:08:18,Desktop,Android,Chrome,Germany,page61,Direct,0.759829427434238,click8,Popup,1.1738211869466797
imp9,user99,sess56,ad34,Electronics,2023-09-04 14:20:37,Mobile,iOS,Safari,Spain,page24,Direct,0.2090358899020134,click9,Footer,0.1029948666009298
imp10,user46,sess38,ad12,Entertainment,2023-10-24 23:39:35,Mobile,macOS,Opera,India,page54,Google,0.7295372988862662,click10,Sidebar,1.311089147604949
imp12,user54,sess91,ad30,Health,2023-07-31 22:48:03,Mobile,macOS,Edge,Germany,page75,Facebook,0.4088546981833062,click12,Footer,1.6586612807449437
imp13,user28,sess16,ad17,Health,2023-09-18 05:30:23,Tablet,Windows,Safari,Japan,page27,LinkedIn,1.3878821743174157,click13,Header,0.9203681644314012
imp14,user52,sess142,ad24,Entertainment,2023-09-23 06:04:22,Tablet,Windows,Opera,Australia,page77,Google,0.5674041010854424,click14,Footer,0.7178570726517273
imp16,user90,sess128,ad49,Services,2023-07-19 18:20:22,Mobile,Android,Opera,India,page53,Facebook,0.6560643889782901,click16,Footer,1.256064897913476
imp18,user23,sess124,ad12,Services,2023-07-22 05:20:21,Tablet,Windows,Opera,India,page81,LinkedIn,1.2375187279038826,click18,Popup,1.5271561035185504
imp19,user12,sess97,ad25,Apparel,2023-02-23 17:51:03,Tablet,macOS,Edge,Germany,page44,Twitter,0.0456957455360392,click19,Banner,0.4172653702477494
imp20,user1,sess106,ad9,Electronics,2023-11-16 01:38:25,Desktop,iOS,Edge,Canada,page38,LinkedIn,0.1871599690971448,click20,Popup,1.903163208224813
imp22,user24,sess135,ad36,Apparel,2023-08-30 01:01:27,Tablet,Android,Firefox,USA,page81,Google,1.1074119013604269,click22,Banner,1.7552673936196437
imp23,user93,sess165,ad2,Services,2023-01-23 22:21:50,Mobile,Linux,Firefox,China,page93,Google,0.5467898861040238,click23,Header,0.2608227321408533
imp24,user69,sess109,ad39,Services,2023-01-01 19:15:01,Tablet,macOS,Opera,India,page76,LinkedIn,1.3839058291219084,click24,Sidebar,1.9539527521742333
imp29,user77,sess155,ad50,Apparel,2023-02-03 04:12:50,Desktop,Linux,Edge,Australia,page64,Twitter,0.9432340163523104,click29,Popup,0.7961686904650517
imp33,user73,sess7,ad8,Entertainment,2023-03-24 20:35:48,Desktop,macOS,Edge,Canada,page76,Twitter,1.3837103027247617,click33,Banner,0.2820923037639434
imp34,user81,sess44,ad6,Electronics,2023-09-06 06:46:48,Desktop,iOS,Safari,India,page92,Direct,1.313922829070204,click34,Footer,0.4090268572997925
imp36,user73,sess77,ad41,Health,2023-02-11 01:32:08,Desktop,Windows,Edge,Japan,page21,Facebook,0.8298985347191394,click36,Popup,1.8229853695024825
imp37,user99,sess178,ad7,Education,2023-12-29 02:03:25,Tablet,Windows,Firefox,China,page40,LinkedIn,0.3813509596604605,click37,Banner,0.1155816650281296
imp38,user41,sess163,ad6,Services,2023-02-06 09:41:13,Tablet,iOS,Opera,India,page70,Google,0.2694647125478859,click38,Footer,0.4449075077704343
imp40,user43,sess154,ad15,Education,2023-08-04 00:49:58,Tablet,iOS,Opera,Japan,page61,LinkedIn,0.3204047296902618,click40,Header,1.8277829249404796
imp41,user17,sess69,ad5,Entertainment,2023-06-25 00:43:45,Desktop,macOS,Edge,Australia,page84,Direct,0.0401277662006123,click41,Popup,0.3777764318240727
imp46,user5,sess118,ad43,Services,2023-08-16 21:49:44,Mobile,Android,Edge,Spain,page29,Google,1.1513539261106174,click46,Popup,0.3964923374657152
imp47,user5,sess116,ad16,Health,2023-03-18 14:48:09,Tablet,Windows,Chrome,Spain,page18,Facebook,0.0700092023861117,click47,Banner,0.7930956459463999
imp48,user59,sess144,ad8,Education,2023-03-05 21:15:25,Mobile,macOS,Opera,France,page82,Direct,0.1658778344584007,click48,Sidebar,1.143510631385422
imp53,user64,sess107,ad6,Entertainment,2023-05-28 20:12:12,Desktop,Windows,Safari,China,page63,LinkedIn,0.7288730172003964,click53,Popup,0.0103322283499761
imp54,user45,sess111,ad46,Health,2023-03-01 12:14:06,Mobile,Windows,Firefox,France,page97,LinkedIn,1.282051950185566,click54,Header,0.8312297544984577
imp63,user8,sess78,ad2,Apparel,2023-11-16 15:40:20,Mobile,Linux,Opera,Japan,page33,Facebook,0.5640230300681766,click63,Popup,1.5740930289308663
imp64,user50,sess18,ad30,Health,2023-03-29 21:51:13,Desktop,Android,Safari,Germany,page37,Twitter,0.0938816958716573,click64,Sidebar,0.6904131169682287
imp66,user95,sess77,ad9,Apparel,2023-07-07 14:54:40,Mobile,macOS,Opera,USA,page19,Google,0.1007198613425772,click66,Footer,0.3027474670410034
imp68,user60,sess95,ad14,Electronics,2023-06-25 15:12:51,Mobile,macOS,Opera,Germany,page66,LinkedIn,1.07054993529186,click68,Popup,1.2286835261007023
imp69,user62,sess19,ad18,Electronics,2023-10-09 05:40:11,Desktop,macOS,Chrome,Spain,page7,Facebook,0.3100324091806502,click69,Sidebar,1.348231785621418
imp71,user84,sess48,ad34,Services,2023-05-23 17:07:49,Desktop,Linux,Opera,France,page8,Facebook,0.3566778809927763,click71,Banner,0.944568548727564
imp74,user84,sess109,ad36,Electronics,2023-03-12 16:43:52,Mobile,Windows,Edge,France,page61,Twitter,1.1390990057980377,click74,Footer,0.4250231246669831
imp75,user65,sess35,ad14,Entertainment,2023-10-12 09:17:29,Desktop,macOS,Opera,USA,page36,Facebook,0.8736888962017628,click75,Footer,0.582139157397961
imp76,user67,sess166,ad49,Services,2023-10-21 22:23:11,Desktop,iOS,Chrome,Spain,page3,Twitter,1.1675294621274694,click76,Sidebar,1.2893714865492425
imp77,user4,sess49,ad32,Health,2023-09-28 12:22:41,Mobile,Android,Chrome,Canada,page34,Twitter,0.6226912685459697,click77,Header,0.9901877416172788
imp80,user35,sess132,ad25,Services,2023-06-29 09:04:17,Mobile,macOS,Opera,Australia,page80,Google,1.3805500256077132,click80,Footer,1.5453662114602635
imp81,user25,sess180,ad43,Services,2023-04-25 05:07:43,Desktop,Android,Opera,France,page22,Twitter,0.1308319150937096,click81,Header,1.9746598226230636
imp83,user97,sess103,ad26,Education,2023-04-14 03:22:37,Mobile,iOS,Edge,Canada,page45,Google,0.3712712479156041,click83,Sidebar,0.5814824588759088
imp89,user34,sess10,ad21,Apparel,2023-07-22 14:11:07,Desktop,Android,Edge,Japan,page88,Facebook,0.3264968540788212,click89,Header,1.7779787287655373
imp91,user84,sess104,ad33,Services,2023-01-19 05:38:48,Mobile,Windows,Firefox,Germany,page95,Facebook,0.7686811671372528,click91,Footer,1.1484427969802105
imp92,user91,sess6,ad15,Health,2023-08-02 08:40:51,Mobile,Android,Firefox,Canada,page95,Facebook,0.768176131416759,click92,Header,1.0680977212358094
imp93,user94,sess188,ad11,Services,2023-10-27 00:45:57,Desktop,Windows,Opera,Germany,page64,Google,1.329828926787242,click93,Popup,1.97635454928468
imp94,user28,sess36,ad26,Education,2023-07-06 15:52:40,Tablet,iOS,Safari,Germany,page95,Direct,0.3570748156638292,click94,Banner,1.5315259176231373
imp96,user98,sess26,ad29,Apparel,2023-06-29 02:21:44,Desktop,Android,Chrome,Spain,page6,Twitter,0.0202180194802815,click96,Header,0.7794626202148833
imp100,user39,sess64,ad39,Health,2023-10-03 22:04:49,Mobile,Android,Chrome,France,page19,Facebook,1.4542951873993022,click100,Footer,1.0703104774321757
imp101,user24,sess91,ad31,Education,2023-01-25 05:28:26,Mobile,iOS,Chrome,India,page27,Direct,1.064674820494589,click101,Sidebar,0.8207773757239242
imp104,user65,sess169,ad15,Electronics,2023-08-23 01:18:56,Tablet,Linux,Chrome,UK,page16,Google,1.4767636225298686,click104,Header,1.7509466461669776
imp105,user88,sess195,ad24,Electronics,2023-05-29 00:27:48,Tablet,macOS,Safari,UK,page99,Facebook,1.0386990400578124,click105,Banner,0.020103619499993
imp109,user3,sess13,ad42,Education,2023-10-23 04:23:31,Tablet,Linux,Safari,Germany,page15,LinkedIn,0.4260531027111009,click109,Banner,1.9013238092035825
imp111,user72,sess66,ad13,Education,2023-05-16 16:11:52,Desktop,Windows,Edge,Australia,page60,Facebook,0.4583996032174365,click111,Sidebar,1.1979693964762124
imp113,user37,sess63,ad18,Health,2023-05-07 17:36:46,Mobile,Android,Edge,Australia,page56,LinkedIn,0.1345499794059592,click113,Header,1.3699096664033643
imp115,user77,sess88,ad45,Education,2023-08-08 12:09:56,Desktop,macOS,Firefox,Japan,page37,Direct,1.236103036129303,click115,Header,0.1268125061376128
imp116,user51,sess24,ad30,Education,2023-04-30 12:11:39,Desktop,Android,Safari,Japan,page48,LinkedIn,1.3671043425799332,click116,Footer,0.7506595569112917
imp118,user15,sess32,ad3,Services,2023-04-14 10:58:09,Desktop,macOS,Opera,France,page96,LinkedIn,0.9782157093034296,click118,Sidebar,0.6460866455743612
imp119,user68,sess127,ad14,Electronics,2023-03-30 14:53:05,Tablet,Linux,Safari,Spain,page52,Direct,1.2500382920000703,click119,Header,0.3753063202158909
imp120,user50,sess138,ad40,Education,2023-09-07 14:43:08,Desktop,iOS,Chrome,Germany,page99,LinkedIn,0.8927751433245935,click120,Popup,0.2509643985521152
imp122,user87,sess13,ad4,Electronics,2023-09-07 23:27:34,Mobile,Linux,Chrome,Australia,page51,Google,0.2258758383106762,click122,Sidebar,1.2757303872929966
imp123,user70,sess31,ad24,Apparel,2023-04-26 15:47:35,Desktop,Linux,Safari,Japan,page25,LinkedIn,0.6414445026288554,click123,Header,1.334035287660767
imp129,user68,sess22,ad7,Services,2023-07-05 18:21:19,Desktop,Windows,Chrome,Japan,page7,Facebook,0.6966258591128456,click129,Sidebar,1.8635024905956588
imp133,user31,sess11,ad32,Education,2023-05-02 06:34:18,Tablet,Android,Safari,USA,page79,Twitter,0.0229653494499825,click133,Footer,0.2193141117321589
imp136,user17,sess126,ad8,Entertainment,2023-03-23 09:33:02,Tablet,Android,Firefox,China,page17,Facebook,1.3735566239384214,click136,Footer,0.9719214621379664
imp141,user8,sess123,ad5,Electronics,2023-06-30 00:59:39,Mobile,iOS,Safari,China,page2,Twitter,0.788833045556344,click141,Footer,1.289470074574419
imp142,user69,sess144,ad15,Apparel,2023-04-09 09:48:36,Tablet,Windows,Opera,China,page81,Direct,0.5033601383815125,click142,Sidebar,0.6359596870243311
imp143,user29,sess33,ad22,Health,2023-11-07 17:02:17,Desktop,Linux,Firefox,Germany,page11,Google,1.3246724328221726,click143,Banner,1.4458068819003735
imp147,user90,sess69,ad16,Services,2023-04-02 13:13:57,Mobile,Linux,Safari,Germany,page42,Facebook,1.232304345636252,click147,Header,0.1281249153692544
imp151,user41,sess101,ad38,Apparel,2023-01-17 06:25:48,Desktop,Linux,Safari,UK,page100,Twitter,1.3011664562214365,click151,Sidebar,0.6693541225425995
imp157,user17,sess20,ad5,Health,2023-04-24 07:01:19,Desktop,Windows,Edge,Japan,page31,Google,0.3564580790066277,click157,Banner,0.3513740566885242
imp158,user54,sess103,ad34,Entertainment,2023-01-04 07:04:49,Mobile,Windows,Edge,USA,page78,Google,1.2525287692737994,click158,Banner,1.8540126658922935
imp159,user52,sess60,ad40,Electronics,2023-07-04 23:54:13,Desktop,macOS,Safari,Germany,page48,LinkedIn,1.027527801580008,click159,Footer,0.6472530518823106
imp161,user58,sess187,ad31,Apparel,2023-09-25 18:23:58,Mobile,Linux,Edge,UK,page14,Twitter,0.6073449146502179,click161,Banner,1.8172817147416975
imp162,user50,sess25,ad27,Apparel,2023-04-26 09:10:21,Tablet,Windows,Safari,UK,page98,LinkedIn,1.1925613484718125,click162,Popup,0.9371993421995074
imp172,user24,sess118,ad6,Apparel,2023-08-16 14:01:34,Mobile,iOS,Firefox,Australia,page31,Facebook,1.484801797947669,click172,Header,0.1473654967566492
imp174,user8,sess43,ad48,Health,2023-12-23 17:59:15,Tablet,Android,Safari,UK,page54,Direct,1.0072010364149528,click174,Sidebar,1.415193281664567
imp178,user100,sess38,ad8,Electronics,2023-04-03 21:48:01,Desktop,Windows,Safari,France,page63,Facebook,0.5738772540163614,click178,Banner,0.7190062833939278
imp183,user53,sess176,ad39,Education,2023-11-09 03:33:05,Tablet,iOS,Chrome,UK,page87,Direct,0.8720104056657493,click183,Popup,0.8141902865588347
imp186,user69,sess99,ad31,Electronics,2023-06-22 04:22:09,Mobile,iOS,Safari,UK,page23,Facebook,0.8064752493158653,click186,Banner,1.738457891430624
imp189,user57,sess104,ad8,Electronics,2023-10-02 03:25:01,Mobile,Android,Chrome,Australia,page52,Twitter,1.0667128753350914,click189,Sidebar,1.9052314554649628
imp190,user50,sess68,ad15,Electronics,2023-12-18 23:45:23,Desktop,iOS,Firefox,Australia,page93,Direct,1.2864343587341542,click190,Banner,0.9144146453995294
imp192,user9,sess35,ad24,Health,2023-09-09 15:06:20,Mobile,Linux,Edge,Germany,page77,Direct,1.0607640346413714,click192,Popup,0.4644105627077091
imp193,user81,sess29,ad30,Health,2023-06-06 13:39:31,Mobile,iOS,Opera,France,page25,Direct,0.0144705499836406,click193,Header,0.9594922948700524
imp194,user81,sess133,ad3,Services,2023-03-20 03:52:56,Desktop,Linux,Edge,Australia,page81,LinkedIn,0.6757822437994695,click194,Banner,1.6025138898982376
imp201,user24,sess123,ad6,Health,2023-03-12 14:03:21,Mobile,Windows,Chrome,Germany,page67,Twitter,0.1336535789028468,click201,Banner,1.6585870794559034
imp202,user33,sess56,ad4,Entertainment,2023-06-18 09:26:19,Mobile,Android,Safari,India,page55,Direct,0.8735289793050682,click202,Sidebar,1.0309415980848695
imp203,user74,sess80,ad26,Health,2023-12-26 16:04:02,Mobile,Android,Firefox,UK,page50,Facebook,1.0239620006003225,click203,Footer,1.8606229619127397
imp204,user87,sess143,ad27,Apparel,2023-09-15 09:18:11,Desktop,Android,Opera,China,page39,Google,1.4242594774662156,click204,Popup,0.8904276745596421
imp206,user22,sess83,ad19,Services,2023-12-22 00:05:25,Tablet,Windows,Chrome,India,page53,LinkedIn,0.1016992075610778,click206,Header,1.5748949468928028
imp208,user97,sess150,ad47,Apparel,2023-06-28 08:03:31,Desktop,Windows,Chrome,France,page80,LinkedIn,0.3552769663548111,click208,Footer,0.3165512694824541
imp209,user18,sess121,ad26,Health,2023-12-18 03:34:38,Tablet,macOS,Opera,UK,page90,Direct,0.780197972539942,click209,Footer,0.2129111698052594
imp215,user45,sess138,ad3,Education,2023-10-25 14:05:56,Desktop,Android,Opera,Spain,page56,Twitter,1.277588084426697,click215,Popup,1.1571535936589763
imp219,user75,sess40,ad39,Apparel,2023-03-31 11:08:03,Desktop,iOS,Opera,Spain,page34,Twitter,1.255020754040442,click219,Footer,0.1156963826025413
imp223,user25,sess93,ad6,Electronics,2023-04-22 08:37:46,Tablet,macOS,Firefox,Canada,page96,Facebook,0.3706689627913886,click223,Banner,0.1975835194664361
imp224,user47,sess114,ad23,Education,2023-05-12 02:52:54,Tablet,Linux,Chrome,France,page63,Direct,1.1080005120002636,click224,Header,1.7415043123665157
imp231,user74,sess75,ad20,Education,2023-11-26 21:25:26,Mobile,iOS,Safari,UK,page66,Facebook,0.9324760795492762,click231,Footer,1.575293604114398
imp232,user92,sess22,ad29,Apparel,2023-03-15 15:19:55,Tablet,iOS,Opera,Japan,page57,Google,0.3494042476046471,click232,Footer,0.8865841783682851
imp235,user34,sess98,ad47,Services,2023-11-15 18:25:54,Mobile,Linux,Safari,Japan,page80,Google,1.1639366393586026,click235,Sidebar,0.9741994822730796
imp236,user57,sess83,ad38,Electronics,2023-08-16 14:35:15,Tablet,Linux,Chrome,Canada,page52,LinkedIn,0.6788192029061697,click236,Popup,0.3747738883054505
imp237,user1,sess24,ad47,Education,2023-01-29 04:30:09,Desktop,Windows,Edge,UK,page16,Twitter,0.1321936335328192,click237,Banner,0.4540356192744146
imp243,user97,sess47,ad32,Health,2023-06-10 18:05:00,Desktop,Android,Edge,Spain,page12,Direct,0.8047894664142299,click243,Banner,1.9445289198699776
imp244,user21,sess155,ad30,Entertainment,2023-04-27 18:47:24,Desktop,Android,Opera,France,page29,Direct,0.0310399530624317,click244,Footer,1.9917118877988296
imp249,user24,sess169,ad29,Health,2023-01-24 14:30:21,Tablet,Linux,Edge,Spain,page20,Facebook,0.5357655072171732,click249,Footer,1.9400748333257851
imp252,user56,sess189,ad29,Education,2023-06-09 05:53:57,Desktop,macOS,Edge,Germany,page25,Google,1.19044131253467,click252,Header,1.4413934477144326
imp254,user67,sess2,ad32,Electronics,2023-10-18 00:37:44,Mobile,Linux,Chrome,Spain,page12,Google,1.1360336134103532,click254,Popup,0.5988089647335957
imp255,user36,sess168,ad17,Education,2023-02-27 15:06:51,Tablet,macOS,Opera,Spain,page82,Google,0.5941572881064531,click255,Footer,0.8333546451979222
imp258,user70,sess112,ad45,Entertainment,2023-09-07 23:55:03,Tablet,Android,Chrome,USA,page97,Facebook,0.4514335898819802,click258,Header,1.9139902635665775
imp259,user13,sess93,ad25,Electronics,2023-08-20 20:02:01,Mobile,Android,Edge,Spain,page84,LinkedIn,0.9442148580780372,click259,Sidebar,0.2063879360428712
imp260,user48,sess62,ad17,Apparel,2023-12-30 00:57:11,Desktop,Linux,Firefox,India,page38,Facebook,0.9528004264149847,click260,Footer,1.922016662993914
imp262,user46,sess87,ad48,Apparel,2023-05-13 06:03:29,Tablet,macOS,Opera,Spain,page60,Twitter,0.922268302950388,click262,Sidebar,0.9803591844719004
imp264,user49,sess30,ad21,Apparel,2023-01-29 09:41:36,Desktop,Android,Firefox,Canada,page40,LinkedIn,0.8282184548253856,click264,Header,0.827107396642345
imp266,user74,sess20,ad6,Electronics,2023-10-08 08:16:23,Mobile,Linux,Edge,Australia,page58,Google,0.0291016234864769,click266,Popup,1.9204469980515184
imp272,user51,sess102,ad5,Apparel,2023-02-25 22:54:32,Desktop,iOS,Firefox,Canada,page3,LinkedIn,1.3892568803679333,click272,Banner,0.9789803958366936
imp273,user10,sess173,ad15,Apparel,2023-12-27 06:21:16,Tablet,iOS,Edge,France,page62,Facebook,1.210125374548177,click273,Sidebar,0.044195485990932
imp275,user81,sess67,ad5,Apparel,2023-08-07 21:41:03,Desktop,iOS,Firefox,USA,page42,LinkedIn,0.658023856856784,click275,Footer,1.1283106456072658
imp276,user27,sess185,ad27,Apparel,2023-12-26 02:07:50,Mobile,Linux,Chrome,France,page77,LinkedIn,1.083960605151751,click276,Sidebar,0.9968434626731836
imp277,user17,sess183,ad32,Health,2023-02-27 14:33:06,Desktop,Linux,Opera,UK,page66,Twitter,0.5441173837570562,click277,Sidebar,0.3713030240229428
imp280,user93,sess75,ad1,Education,2023-07-17 14:14:11,Mobile,Android,Edge,Japan,page17,Twitter,0.4917049206917369,click280,Footer,1.8618226154054196
imp282,user66,sess32,ad26,Services,2023-01-24 15:32:10,Mobile,Android,Firefox,UK,page41,Direct,0.4758839554869808,click282,Popup,0.5677046162490603
imp285,user91,sess118,ad41,Services,2023-01-01 14:24:43,Mobile,iOS,Safari,Japan,page71,Twitter,1.3061472761784556,click285,Banner,1.931136925619928
imp289,user21,sess29,ad20,Electronics,2023-08-22 20:41:42,Tablet,Linux,Edge,UK,page5,Direct,0.797458654239073,click289,Header,0.783462732245167
imp290,user43,sess117,ad13,Education,2023-06-27 10:41:47,Mobile,Android,Edge,Germany,page1,Twitter,1.1146548738964028,click290,Footer,1.109057495249663
imp296,user51,sess125,ad9,Entertainment,2023-07-28 10:49:53,Mobile,Android,Safari,USA,page30,Twitter,0.5301782558885864,click296,Footer,1.8618733596601933
imp298,user30,sess20,ad44,Apparel,2023-03-10 19:53:20,Desktop,iOS,Chrome,India,page76,LinkedIn,0.5514576880184943,click298,Popup,1.0050387904307505
imp300,user20,sess193,ad15,Services,2023-07-30 06:33:06,Tablet,Windows,Safari,Spain,page53,Google,0.1824885101531577,click300,Banner,0.3678154617816024
imp301,user50,sess188,ad17,Apparel,2023-08-25 07:01:38,Mobile,Windows,Opera,Japan,page64,Google,1.4810305792403629,click301,Popup,0.9905697459128852
imp307,user68,sess162,ad26,Electronics,2023-03-14 00:39:40,Tablet,iOS,Edge,Germany,page47,LinkedIn,1.4442897048358907,click307,Banner,0.548992879341408
imp310,user93,sess17,ad22,Apparel,2023-11-25 21:13:42,Desktop,Windows,Opera,UK,page16,Direct,0.895239373408936,click310,Banner,1.672452242794369
imp312,user97,sess69,ad37,Entertainment,2023-02-23 23:53:27,Tablet,macOS,Firefox,India,page54,Google,0.4331450639312436,click312,Popup,1.7150693833054909
imp315,user60,sess159,ad1,Services,2023-10-13 14:22:40,Mobile,Linux,Edge,UK,page49,Direct,0.8974920769452909,click315,Popup,1.2589879655318768
imp319,user31,sess152,ad3,Services,2023-11-05 18:03:04,Mobile,iOS,Safari,France,page72,Direct,0.7731792669860926,click319,Header,1.187010621245656
imp324,user13,sess156,ad41,Services,2023-04-16 12:05:39,Tablet,macOS,Chrome,France,page29,Google,0.5370089552998458,click324,Sidebar,0.5606863954580434
imp326,user39,sess88,ad13,Electronics,2023-07-29 17:12:48,Mobile,Android,Edge,Germany,page27,Direct,0.9547659889095172,click326,Popup,0.2312975453041838
imp328,user86,sess77,ad14,Electronics,2023-01-06 04:48:20,Desktop,Windows,Chrome,France,page15,Direct,0.7267513377589668,click328,Header,1.047599836724781
imp330,user64,sess46,ad29,Electronics,2023-11-20 21:30:55,Desktop,Android,Edge,Spain,page18,Direct,0.9665980005061792,click330,Popup,0.0349027081116843
imp333,user85,sess31,ad2,Entertainment,2023-12-07 10:02:15,Tablet,Windows,Firefox,Germany,page93,Twitter,1.3945259768643548,click333,Popup,1.0546114342682966
imp335,user48,sess128,ad18,Services,2023-03-30 18:58:08,Desktop,iOS,Opera,Spain,page69,Facebook,1.298547631740623,click335,Popup,0.5402739912944551
imp343,user66,sess41,ad35,Apparel,2023-09-28 06:48:20,Mobile,macOS,Firefox,Germany,page38,Google,0.7363489561955726,click343,Popup,1.8290060888839927
imp344,user12,sess190,ad1,Electronics,2023-09-17 05:59:27,Tablet,Android,Opera,Japan,page89,Direct,1.055363970662026,click344,Banner,0.1932953301636806
imp346,user14,sess30,ad40,Services,2023-03-23 21:04:50,Tablet,Linux,Safari,France,page75,Direct,0.5059575364160284,click346,Sidebar,0.7723990778702912
imp347,user63,sess133,ad15,Entertainment,2023-08-06 08:22:09,Mobile,macOS,Chrome,Germany,page10,Twitter,0.1491685941532902,click347,Footer,0.5914564764604963
imp354,user46,sess45,ad21,Apparel,2023-01-28 04:46:45,Desktop,iOS,Opera,China,page76,Direct,1.2251857784227524,click354,Banner,0.0126214734892122
imp361,user2,sess56,ad7,Services,2023-04-06 02:45:18,Desktop,Linux,Chrome,USA,page47,Direct,0.2039373098597588,click361,Footer,1.0575445278853155
imp362,user5,sess165,ad19,Apparel,2023-12-14 03:58:59,Mobile,iOS,Edge,France,page82,Twitter,1.0375550223477417,click362,Header,0.2871087546070013
imp363,user21,sess161,ad41,Apparel,2023-11-30 12:09:18,Tablet,Linux,Firefox,China,page34,LinkedIn,1.2722430401779077,click363,Sidebar,0.2440371208744395
imp366,user76,sess169,ad16,Health,2023-07-12 06:39:25,Tablet,iOS,Opera,Canada,page98,Twitter,1.4996244520492097,click366,Header,1.5311150236889168
imp367,user44,sess38,ad34,Entertainment,2023-08-02 17:49:06,Mobile,iOS,Chrome,China,page16,Google,0.9037311591708376,click367,Footer,0.3544668724433083
imp374,user82,sess73,ad26,Health,2023-06-19 13:19:36,Mobile,Windows,Opera,China,page8,LinkedIn,1.4403731879222463,click374,Sidebar,0.4089085573290899
imp375,user14,sess47,ad9,Apparel,2023-11-24 20:45:33,Tablet,iOS,Opera,Germany,page40,LinkedIn,0.3208018109716616,click375,Sidebar,1.1708145880687109
imp376,user70,sess88,ad29,Health,2023-11-22 23:51:31,Mobile,Linux,Chrome,India,page24,Facebook,1.3958461699185705,click376,Popup,1.2085641790940245
imp377,user29,sess104,ad3,Electronics,2023-07-13 15:54:18,Desktop,Windows,Edge,France,page43,Facebook,0.2247254572258765,click377,Banner,0.9270548462950804
imp384,user25,sess6,ad38,Electronics,2023-06-16 08:49:59,Desktop,Linux,Firefox,China,page64,Direct,0.4939872200084481,click384,Header,1.4567046547801628
imp388,user60,sess103,ad48,Entertainment,2023-03-20 09:57:56,Mobile,Android,Opera,Australia,page63,Direct,0.8405670854675262,click388,Header,1.082344698724668
imp389,user71,sess81,ad20,Services,2023-03-10 12:21:46,Desktop,Android,Chrome,China,page6,Direct,1.1464434599027815,click389,Header,1.942450523789387
imp391,user96,sess184,ad14,Apparel,2023-07-09 20:40:24,Tablet,macOS,Firefox,Japan,page10,Google,0.7813233443417482,click391,Footer,1.6356742257098829
imp399,user51,sess199,ad1,Health,2023-08-04 07:43:02,Mobile,iOS,Chrome,Germany,page40,LinkedIn,0.177726571957003,click399,Footer,0.3129521540885223
imp402,user83,sess92,ad7,Electronics,2023-02-24 07:14:22,Desktop,Windows,Chrome,USA,page45,Google,0.8172675115524602,click402,Header,1.464352405366665
imp403,user95,sess86,ad27,Services,2023-01-25 10:27:48,Desktop,Linux,Safari,USA,page78,Google,0.5977176161850765,click403,Header,0.6815424513059765
imp404,user19,sess19,ad45,Health,2023-07-25 12:03:10,Mobile,Linux,Firefox,Canada,page24,Facebook,0.3580008649431345,click404,Popup,1.381579879252631
imp405,user94,sess85,ad45,Electronics,2023-04-16 05:35:20,Tablet,iOS,Firefox,Germany,page38,Facebook,0.0301610965616925,click405,Header,1.8065845716312288
imp406,user3,sess104,ad8,Health,2023-12-13 05:32:07,Desktop,Windows,Edge,France,page43,Facebook,0.500817009236312,click406,Header,1.3355819715327866
imp410,user66,sess11,ad35,Services,2023-09-06 15:39:03,Desktop,macOS,Firefox,UK,page38,Direct,1.3039946955999806,click410,Header,0.1544733742308358
imp411,user9,sess94,ad45,Apparel,2023-03-26 13:54:07,Tablet,iOS,Chrome,USA,page61,Facebook,0.3360362583266972,click411,Banner,0.4471473960226241
imp413,user9,sess82,ad2,Entertainment,2023-02-11 01:40:06,Tablet,macOS,Chrome,Spain,page90,Direct,1.274690614925643,click413,Header,1.630625640642739
imp415,user75,sess184,ad24,Apparel,2023-07-24 21:36:53,Tablet,macOS,Safari,Canada,page8,Facebook,1.1425074409028495,click415,Sidebar,1.8117156506850505
imp417,user6,sess65,ad4,Entertainment,2023-11-25 03:30:05,Tablet,Windows,Chrome,Germany,page62,LinkedIn,0.5633144822190812,click417,Header,1.308739139418544
imp419,user13,sess199,ad19,Health,2023-05-19 16:15:35,Mobile,Linux,Opera,UK,page34,LinkedIn,0.8220612558163894,click419,Sidebar,1.1108395446808177
imp420,user8,sess173,ad50,Electronics,2023-12-29 00:33:08,Desktop,Android,Firefox,Japan,page45,Twitter,0.734761554971294,click420,Sidebar,1.630299735106468
imp428,user74,sess76,ad41,Education,2023-09-30 21:06:37,Mobile,macOS,Firefox,UK,page42,LinkedIn,1.4670638795893192,click428,Header,1.3075088810289786
imp429,user100,sess132,ad40,Electronics,2023-08-25 04:01:39,Tablet,iOS,Safari,Canada,page53,Twitter,0.5838542556006783,click429,Sidebar,1.5901211504038089
imp430,user30,sess197,ad50,Health,2023-10-29 07:51:51,Tablet,Linux,Safari,France,page81,Twitter,0.1119660336198172,click430,Sidebar,0.6111954279950887
imp431,user66,sess172,ad34,Education,2023-07-12 23:38:14,Desktop,iOS,Opera,Canada,page41,Facebook,1.1440979438473178,click431,Banner,1.4918614676855824
imp433,user64,sess145,ad12,Apparel,2023-09-13 18:52:07,Tablet,Linux,Opera,UK,page8,Facebook,1.1618976686254157,click433,Footer,0.1555172576226641
imp435,user45,sess18,ad39,Services,2023-11-08 16:33:46,Desktop,iOS,Opera,China,page55,Facebook,0.130899131833735,click435,Banner,0.7638039186112207
imp436,user5,sess118,ad8,Education,2023-03-19 13:08:06,Tablet,Android,Chrome,USA,page50,Direct,1.156846078945076,click436,Banner,1.5120028190410923
imp437,user63,sess36,ad34,Electronics,2023-02-09 21:41:47,Mobile,Android,Safari,France,page45,LinkedIn,0.075720198430345,click437,Header,1.408722334362415
imp438,user2,sess69,ad23,Apparel,2023-11-16 11:56:20,Desktop,macOS,Opera,India,page40,Twitter,0.7594521508578486,click438,Header,1.344981061362853
imp440,user90,sess134,ad20,Health,2023-02-04 00:27:11,Mobile,Windows,Firefox,Australia,page39,Direct,0.1895086241502808,click440,Popup,0.4061331176245051
imp446,user20,sess156,ad2,Apparel,2023-01-06 08:39:51,Mobile,Windows,Safari,China,page28,Facebook,0.4863408222159954,click446,Footer,1.4938855321315438
imp449,user7,sess142,ad10,Services,2023-09-25 10:22:13,Desktop,Android,Safari,Germany,page49,Direct,0.0479829675801169,click449,Banner,1.139620378962656
imp450,user69,sess40,ad25,Apparel,2023-02-13 06:03:38,Tablet,Android,Opera,Canada,page87,Direct,1.3158542178915102,click450,Popup,0.0213668655491943
imp451,user79,sess133,ad6,Health,2023-12-27 09:05:26,Tablet,macOS,Chrome,USA,page79,Twitter,0.1789763774618068,click451,Sidebar,1.1040554336476849
imp453,user93,sess128,ad1,Entertainment,2023-04-04 08:34:26,Desktop,Linux,Opera,France,page91,Google,0.5822559311534721,click453,Banner,0.3254832698878712
imp455,user41,sess85,ad47,Entertainment,2023-10-03 15:02:04,Desktop,Android,Opera,China,page94,Direct,1.4276745436181393,click455,Popup,1.3513788263339217
imp458,user54,sess178,ad17,Health,2023-10-20 23:47:25,Mobile,iOS,Firefox,USA,page6,LinkedIn,1.4291860810167396,click458,Footer,1.3358693327613702
imp459,user32,sess79,ad44,Education,2023-02-09 21:37:36,Mobile,Android,Safari,India,page91,Google,1.3533803268080495,click459,Popup,0.4370449812322763
imp460,user5,sess40,ad44,Apparel,2023-09-11 00:28:46,Tablet,Windows,Edge,France,page14,Twitter,1.1140763995998897,click460,Sidebar,1.2079358001419769
imp463,user42,sess81,ad23,Electronics,2023-06-01 16:28:12,Desktop,Windows,Opera,Germany,page99,LinkedIn,0.4527861746025735,click463,Header,0.640535529462363
imp464,user91,sess116,ad48,Apparel,2023-07-02 06:13:53,Desktop,macOS,Edge,India,page2,Direct,0.209009982315861,click464,Header,1.457881597789878
imp466,user77,sess54,ad30,Apparel,2023-03-18 05:09:13,Tablet,Linux,Opera,France,page48,Facebook,0.6517435894457823,click466,Banner,0.2886473718427458
imp469,user96,sess48,ad50,Apparel,2023-02-05 08:13:42,Mobile,macOS,Firefox,USA,page31,Google,1.4491942945797758,click469,Header,1.9351998768384933
imp472,user91,sess13,ad40,Electronics,2023-09-28 20:12:20,Tablet,macOS,Safari,Japan,page3,LinkedIn,0.9847144835719792,click472,Popup,1.2648716110674147
imp473,user62,sess13,ad11,Services,2023-01-21 18:09:02,Tablet,iOS,Firefox,Japan,page39,Direct,0.0509709557953046,click473,Popup,0.7576738334185772
imp477,user24,sess14,ad13,Electronics,2023-10-07 06:58:30,Mobile,iOS,Firefox,India,page1,Direct,0.3446654136461307,click477,Sidebar,0.6512663100383971
imp486,user71,sess70,ad6,Entertainment,2023-08-15 12:59:24,Mobile,Android,Edge,India,page10,Direct,0.8680773556414839,click486,Banner,1.8801592587688591
imp488,user37,sess133,ad39,Services,2023-06-27 10:44:09,Tablet,Android,Firefox,Germany,page93,Twitter,1.4737474287035075,click488,Banner,1.9665265897737367
imp489,user54,sess163,ad43,Services,2023-10-06 10:12:10,Tablet,Android,Safari,China,page1,Direct,1.1459906523621397,click489,Banner,0.757951709625959
imp492,user48,sess66,ad19,Electronics,2023-12-30 14:19:28,Tablet,iOS,Chrome,India,page37,Google,0.638237890120487,click492,Sidebar,0.7786974284422578
imp493,user39,sess33,ad30,Education,2023-02-15 23:12:22,Mobile,macOS,Firefox,Japan,page4,Twitter,0.4685956487650406,click493,Header,0.9914799067162756
imp495,user63,sess84,ad32,Electronics,2023-01-12 00:38:55,Tablet,Android,Firefox,UK,page31,Direct,1.4196591569756414,click495,Sidebar,0.8242887244905167
imp497,user9,sess177,ad1,Electronics,2023-06-09 17:50:07,Mobile,Android,Safari,Canada,page100,Google,0.1418969273261006,click497,Banner,1.9268375067976904
imp25,user47,sess14,ad23,Education,2023-10-24 11:17:34,Tablet,Windows,Chrome,France,page25,Google,0.0936713285449137,,,
imp470,user70,sess98,ad31,Services,2023-07-26 08:11:25,Desktop,macOS,Chrome,Japan,page48,Direct,0.7110944625620675,,,
imp196,user88,sess32,ad45,Entertainment,2023-12-04 20:08:18,Desktop,iOS,Chrome,Germany,page100,Facebook,0.0951849906893134,,,
imp350,user83,sess78,ad44,Entertainment,2023-09-09 07:11:22,Desktop,iOS,Chrome,Germany,page85,Direct,0.646756496989164,,,
imp407,user45,sess74,ad25,Apparel,2023-05-06 16:40:35,Tablet,Android,Edge,Australia,page99,Direct,1.215876645462958,,,
imp426,user81,sess191,ad1,Education,2023-01-12 07:19:39,Desktop,Android,Safari,Japan,page90,Direct,1.2413220267524228,,,
imp390,user86,sess43,ad9,Education,2023-04-12 22:02:22,Mobile,Android,Firefox,France,page13,Direct,0.3593629232796794,,,
imp292,user65,sess15,ad1,Electronics,2023-07-22 07:38:44,Tablet,Linux,Safari,France,page98,Google,0.8758781221391791,,,
imp359,user43,sess187,ad45,Health,2023-05-13 14:16:27,Tablet,Android,Chrome,Spain,page11,Google,1.0813058876555188,,,
imp32,user71,sess200,ad4,Apparel,2023-10-07 16:54:30,Desktop,Linux,Opera,Canada,page24,Direct,0.1342953419257858,,,
imp87,user34,sess55,ad50,Education,2023-08-17 03:50:53,Mobile,Windows,Safari,China,page5,Facebook,0.8828791917727141,,,
imp320,user39,sess183,ad20,Electronics,2023-04-28 05:56:24,Mobile,Windows,Safari,Spain,page36,Direct,0.8582151823637011,,,
imp117,user49,sess159,ad29,Services,2023-08-18 08:45:05,Desktop,iOS,Safari,Canada,page30,LinkedIn,1.1492009619294976,,,
imp253,user9,sess122,ad10,Services,2023-07-30 07:35:49,Desktop,Linux,Firefox,France,page39,Twitter,1.4424738799973074,,,
imp59,user53,sess89,ad17,Health,2023-03-24 19:36:01,Desktop,Linux,Safari,Japan,page22,Direct,0.9130105527803218,,,
imp124,user29,sess88,ad3,Entertainment,2023-07-23 02:20:43,Desktop,Windows,Edge,India,page32,Twitter,1.390863538176589,,,
imp421,user46,sess52,ad30,Health,2023-06-16 03:06:47,Tablet,iOS,Edge,India,page19,Direct,0.257262284851896,,,
imp365,user13,sess23,ad10,Services,2023-01-02 05:39:18,Tablet,Android,Safari,Germany,page83,Direct,0.8890734407142993,,,
imp156,user79,sess149,ad45,Education,2023-01-03 08:50:22,Mobile,Linux,Chrome,China,page51,Google,0.3103135846531952,,,
imp372,user66,sess34,ad30,Electronics,2023-07-27 03:24:53,Desktop,Linux,Chrome,France,page22,Direct,0.8739895387261093,,,
imp128,user73,sess81,ad3,Entertainment,2023-05-21 22:50:48,Mobile,macOS,Edge,France,page11,Facebook,0.5035873071174082,,,
imp339,user63,sess174,ad25,Electronics,2023-02-17 21:15:25,Desktop,macOS,Opera,Spain,page67,LinkedIn,1.2425735275122929,,,
imp396,user57,sess191,ad40,Education,2023-06-10 03:01:30,Desktop,Android,Opera,India,page92,Direct,0.3870286497925114,,,
imp131,user49,sess170,ad12,Education,2023-07-11 09:27:29,Desktop,Linux,Firefox,Germany,page63,Google,0.9612017027856066,,,
imp220,user34,sess194,ad26,Health,2023-12-12 10:17:30,Desktop,macOS,Opera,Canada,page59,LinkedIn,1.371046774192391,,,
imp398,user43,sess174,ad23,Apparel,2023-08-27 19:31:27,Tablet,macOS,Safari,Spain,page75,Facebook,1.4093521263994513,,,
imp456,user9,sess111,ad43,Apparel,2023-11-04 09:23:50,Desktop,Android,Chrome,Australia,page40,Twitter,0.3793278318145212,,,
imp423,user32,sess14,ad17,Entertainment,2023-09-27 23:09:22,Tablet,Linux,Opera,Spain,page91,Facebook,0.8587924433161572,,,
imp164,user22,sess97,ad18,Education,2023-11-05 13:25:42,Desktop,iOS,Edge,China,page67,Direct,1.2036179867907713,,,
imp165,user7,sess67,ad1,Entertainment,2023-05-25 17:49:25,Tablet,macOS,Chrome,France,page53,Twitter,1.4541995868301407,,,
imp268,user50,sess131,ad20,Education,2023-11-06 11:55:24,Mobile,Windows,Opera,France,page6,Direct,1.2279724932442724,,,
imp28,user12,sess12,ad43,Apparel,2023-06-16 11:36:17,Desktop,Windows,Chrome,Australia,page30,Facebook,0.7623295503181657,,,
imp79,user85,sess69,ad15,Entertainment,2023-06-20 02:13:19,Mobile,macOS,Opera,Germany,page97,Direct,0.5387306486392931,,,
imp60,user48,sess2,ad23,Entertainment,2023-01-08 12:14:49,Tablet,macOS,Opera,Germany,page4,Twitter,1.4715366344836354,,,
imp72,user62,sess119,ad46,Entertainment,2023-07-14 12:53:20,Tablet,iOS,Opera,Australia,page80,Twitter,1.3588167407494467,,,
imp197,user46,sess174,ad28,Apparel,2023-01-14 15:23:22,Mobile,macOS,Chrome,USA,page81,Facebook,0.3589102953124923,,,
imp360,user46,sess138,ad7,Services,2023-05-29 09:47:13,Desktop,Windows,Edge,China,page92,LinkedIn,0.5013998509343978,,,
imp61,user88,sess175,ad38,Entertainment,2023-10-28 21:24:20,Tablet,Android,Chrome,China,page55,Google,0.0181601057225186,,,
imp400,user90,sess100,ad30,Education,2023-06-19 06:34:35,Mobile,Windows,Chrome,India,page85,LinkedIn,0.3465570551455095,,,
imp321,user71,sess87,ad36,Entertainment,2023-11-28 10:04:38,Tablet,Android,Chrome,Spain,page49,Direct,0.9630189027568142,,,
imp487,user62,sess115,ad11,Apparel,2023-08-05 17:19:04,Mobile,Android,Opera,Australia,page94,Facebook,0.5590922566620252,,,
imp180,user38,sess2,ad13,Health,2023-01-20 23:09:05,Mobile,Linux,Firefox,Germany,page81,Twitter,0.287901549718394,,,
imp216,user36,sess113,ad28,Services,2023-02-21 22:28:37,Desktop,macOS,Edge,France,page57,Facebook,0.8841532501201056,,,
imp187,user47,sess59,ad34,Services,2023-02-23 00:49:46,Desktop,Windows,Edge,Spain,page18,Direct,0.5351970458274535,,,
imp226,user77,sess21,ad42,Education,2023-09-08 23:46:26,Tablet,iOS,Safari,UK,page11,Twitter,0.2386210934374074,,,
imp434,user69,sess4,ad44,Apparel,2023-12-22 20:17:31,Tablet,Android,Opera,UK,page37,Google,0.4253854100890376,,,
imp356,user36,sess78,ad25,Services,2023-09-16 02:46:47,Desktop,macOS,Edge,Germany,page40,Twitter,1.3222141121644404,,,
imp211,user71,sess32,ad42,Apparel,2023-07-24 22:33:12,Tablet,macOS,Opera,Germany,page92,Twitter,1.4096221570347731,,,
imp245,user65,sess81,ad22,Entertainment,2023-07-18 16:59:22,Mobile,iOS,Opera,Japan,page14,LinkedIn,1.3211007814823268,,,
imp21,user48,sess89,ad25,Health,2023-02-17 10:48:51,Desktop,macOS,Safari,India,page63,Google,0.5905954595257152,,,
imp345,user56,sess100,ad46,Entertainment,2023-05-16 09:43:13,Mobile,macOS,Edge,Australia,page34,Twitter,0.2285600040701242,,,
imp205,user58,sess195,ad27,Entertainment,2023-06-04 00:59:30,Tablet,macOS,Chrome,Canada,page97,Facebook,0.1681927632329942,,,
imp392,user19,sess193,ad27,Apparel,2023-08-11 02:10:35,Tablet,Android,Firefox,India,page81,Google,1.2552248769673364,,,
imp408,user43,sess131,ad35,Services,2023-04-03 12:35:53,Mobile,Linux,Edge,Spain,page71,Facebook,1.191078908502846,,,
imp108,user75,sess147,ad47,Electronics,2023-02-27 14:06:34,Desktop,Linux,Opera,France,page14,Facebook,0.7615196896554505,,,
imp476,user93,sess103,ad33,Electronics,2023-09-02 00:41:15,Mobile,iOS,Chrome,UK,page18,LinkedIn,0.2890422788493114,,,
imp179,user32,sess3,ad16,Entertainment,2023-06-15 14:08:18,Mobile,macOS,Opera,UK,page41,Google,0.9023850319664884,,,
imp210,user49,sess127,ad44,Health,2023-05-30 01:36:58,Tablet,iOS,Edge,Germany,page11,Google,0.1324325161066231,,,
imp442,user48,sess31,ad16,Apparel,2023-02-20 22:17:36,Mobile,Windows,Chrome,Germany,page75,Twitter,0.552317544968008,,,
imp110,user71,sess150,ad11,Electronics,2023-08-05 18:06:56,Mobile,macOS,Firefox,India,page48,Facebook,1.1155125473023335,,,
imp217,user6,sess135,ad9,Entertainment,2023-03-31 16:31:38,Mobile,macOS,Chrome,USA,page11,Direct,0.165925318980373,,,
imp17,user34,sess112,ad1,Health,2023-03-01 12:06:57,Tablet,Windows,Opera,France,page17,Google,1.3208337443613962,,,
imp288,user81,sess78,ad23,Health,2023-03-23 19:27:45,Mobile,macOS,Chrome,China,page28,LinkedIn,0.0362381442291377,,,
imp31,user71,sess189,ad46,Health,2023-12-10 16:05:44,Tablet,Linux,Safari,France,page100,Direct,0.9435328919377016,,,
imp52,user52,sess77,ad44,Entertainment,2023-07-21 01:19:50,Mobile,Windows,Edge,Spain,page56,LinkedIn,0.1124265626411986,,,
imp238,user71,sess195,ad15,Education,2023-12-19 09:12:54,Mobile,macOS,Opera,France,page78,LinkedIn,0.3383560433344025,,,
imp331,user47,sess182,ad32,Entertainment,2023-02-18 03:00:04,Mobile,macOS,Chrome,UK,page22,Direct,0.3122766400900157,,,
imp85,user79,sess188,ad24,Apparel,2023-07-12 23:46:58,Tablet,Linux,Edge,India,page44,Direct,1.2126424242273606,,,
imp485,user30,sess138,ad19,Entertainment,2023-07-12 07:55:23,Mobile,macOS,Chrome,Australia,page94,LinkedIn,0.1929292183041412,,,
imp168,user75,sess147,ad37,Education,2023-07-14 12:43:03,Tablet,macOS,Edge,Japan,page18,Direct,0.0537947564646293,,,
imp480,user78,sess146,ad19,Health,2023-11-07 07:54:43,Mobile,iOS,Chrome,China,page22,Google,1.276195478580094,,,
imp342,user46,sess104,ad10,Electronics,2023-10-23 19:00:38,Tablet,macOS,Chrome,France,page93,LinkedIn,0.5397042504531615,,,
imp308,user39,sess54,ad4,Electronics,2023-09-09 03:42:38,Tablet,Linux,Chrome,Spain,page41,Direct,1.280197518194926,,,
imp270,user98,sess76,ad40,Electronics,2023-03-14 09:09:28,Desktop,Windows,Chrome,Canada,page42,Facebook,0.5589329428163872,,,
imp126,user10,sess186,ad4,Apparel,2023-04-04 14:38:21,Mobile,Linux,Edge,China,page100,Facebook,0.8664442916398233,,,
imp462,user50,sess113,ad35,Electronics,2023-01-31 18:47:30,Tablet,Linux,Chrome,China,page15,Twitter,0.6880555349567248,,,
imp349,user98,sess158,ad42,Electronics,2023-07-22 23:57:09,Mobile,Linux,Chrome,France,page35,Facebook,1.1419315915204855,,,
imp394,user11,sess31,ad50,Education,2023-05-06 18:11:55,Mobile,macOS,Safari,France,page47,Twitter,0.469911132761312,,,
imp304,user3,sess88,ad32,Electronics,2023-05-21 23:42:37,Tablet,Android,Edge,Japan,page62,Twitter,0.1689125666535926,,,
imp132,user63,sess45,ad13,Entertainment,2023-11-11 11:09:01,Tablet,Linux,Safari,Japan,page22,LinkedIn,0.6576876884138194,,,
imp114,user13,sess59,ad10,Education,2023-07-10 06:14:04,Tablet,iOS,Chrome,Australia,page89,Twitter,0.9306438125082308,,,
imp177,user82,sess193,ad21,Entertainment,2023-10-04 21:39:17,Mobile,Linux,Chrome,Japan,page84,Facebook,1.463858288430068,,,
imp106,user9,sess57,ad21,Electronics,2023-10-09 05:18:59,Mobile,iOS,Firefox,UK,page61,Twitter,1.3994001000852374,,,
imp484,user82,sess95,ad24,Electronics,2023-06-09 15:57:17,Desktop,Linux,Opera,China,page71,Facebook,0.6808596924860376,,,
imp281,user69,sess43,ad23,Health,2023-04-05 05:26:22,Mobile,Windows,Edge,USA,page59,Google,0.9538488728986504,,,
imp316,user14,sess142,ad25,Entertainment,2023-08-07 14:57:53,Mobile,macOS,Firefox,Germany,page96,LinkedIn,0.5687845444888067,,,
imp439,user9,sess139,ad38,Apparel,2023-11-30 02:31:52,Tablet,Linux,Safari,France,page98,Google,1.325317815357809,,,
imp138,user88,sess165,ad45,Services,2023-05-09 13:28:17,Desktop,Windows,Edge,China,page4,Facebook,1.1380122308679796,,,
imp454,user73,sess35,ad20,Electronics,2023-10-18 04:10:18,Mobile,Windows,Safari,India,page12,Twitter,1.0916179617263362,,,
imp498,user81,sess61,ad42,Apparel,2023-03-18 14:25:51,Mobile,Linux,Edge,Spain,page21,Google,0.4058415286312959,,,
imp146,user32,sess18,ad32,Health,2023-09-12 23:31:08,Desktop,iOS,Opera,Germany,page39,LinkedIn,1.099261479987724,,,
imp127,user13,sess67,ad6,Education,2023-07-17 22:49:14,Tablet,Linux,Safari,UK,page37,Facebook,0.8887491118585201,,,
imp393,user16,sess121,ad45,Entertainment,2023-02-10 19:44:10,Desktop,Windows,Firefox,UK,page1,LinkedIn,0.2321454523448999,,,
imp84,user7,sess179,ad8,Apparel,2023-02-26 19:56:50,Desktop,Linux,Firefox,Australia,page63,Facebook,1.1944618062145942,,,
imp412,user19,sess135,ad4,Services,2023-03-30 18:47:53,Mobile,iOS,Edge,UK,page84,Google,1.4093454479240968,,,
imp228,user47,sess105,ad25,Apparel,2023-01-27 18:47:24,Tablet,Linux,Firefox,Germany,page11,Facebook,0.0560935397229312,,,
imp207,user76,sess150,ad6,Services,2023-08-25 17:33:04,Desktop,macOS,Safari,Japan,page38,Facebook,0.0696409682826342,,,
imp103,user2,sess132,ad24,Entertainment,2023-10-25 00:09:43,Tablet,iOS,Opera,France,page27,Twitter,1.373010534078439,,,
imp490,user52,sess158,ad1,Entertainment,2023-05-03 08:33:25,Desktop,Android,Opera,UK,page30,Facebook,0.1773096176024918,,,
imp382,user84,sess111,ad11,Entertainment,2023-08-15 22:45:27,Mobile,iOS,Edge,Germany,page33,Google,0.1996927852719204,,,
imp230,user94,sess108,ad18,Health,2023-06-06 09:21:28,Desktop,Windows,Edge,China,page64,Twitter,0.8017472116937622,,,
imp70,user37,sess59,ad41,Electronics,2023-10-15 00:50:45,Desktop,iOS,Opera,USA,page55,Direct,1.2594204141513965,,,
imp97,user46,sess51,ad50,Entertainment,2023-10-22 01:21:30,Desktop,Android,Safari,USA,page97,Direct,0.363827601421989,,,
imp221,user2,sess107,ad41,Services,2023-11-16 08:00:17,Mobile,macOS,Chrome,France,page60,Facebook,0.6908607411679221,,,
imp82,user77,sess84,ad30,Electronics,2023-11-06 01:32:01,Desktop,Android,Firefox,Japan,page77,Facebook,0.798415515701947,,,
imp242,user3,sess152,ad1,Health,2023-08-25 06:39:28,Desktop,Windows,Opera,France,page36,Google,0.7244130217177182,,,
imp414,user55,sess188,ad50,Apparel,2023-03-27 06:14:06,Tablet,macOS,Chrome,China,page81,Google,1.0909332701754195,,,
imp355,user22,sess105,ad3,Education,2023-08-31 07:55:26,Desktop,Windows,Opera,Japan,page92,LinkedIn,1.4937052851463095,,,
imp443,user3,sess41,ad32,Electronics,2023-06-09 19:49:13,Tablet,iOS,Safari,China,page94,Facebook,0.5350245053756951,,,
imp370,user84,sess95,ad27,Entertainment,2023-03-17 10:55:14,Tablet,Android,Edge,India,page83,LinkedIn,0.883352641949561,,,
imp234,user14,sess140,ad4,Entertainment,2023-06-10 20:51:46,Tablet,Android,Safari,France,page94,LinkedIn,1.3454288229129203,,,
imp88,user33,sess46,ad17,Services,2023-03-31 00:09:34,Tablet,Linux,Edge,China,page91,Facebook,1.0649516461791673,,,
imp283,user11,sess9,ad4,Services,2023-10-01 04:14:26,Tablet,Android,Opera,India,page86,Google,1.3947375765767154,,,
imp182,user16,sess44,ad35,Services,2023-03-06 19:44:26,Tablet,iOS,Opera,Australia,page97,Direct,0.1766409387830599,,,
imp338,user67,sess112,ad8,Electronics,2023-05-07 22:50:32,Desktop,Windows,Edge,Germany,page4,Facebook,1.444521779335983,,,
imp171,user40,sess117,ad38,Apparel,2023-09-08 13:55:03,Mobile,Linux,Opera,Spain,page8,LinkedIn,1.27994454173342,,,
imp45,user36,sess78,ad15,Electronics,2023-10-16 11:06:07,Desktop,macOS,Opera,Germany,page46,Google,0.208198490785897,,,
imp311,user58,sess124,ad35,Electronics,2023-06-17 03:13:03,Mobile,iOS,Chrome,China,page50,Facebook,0.5324477630554421,,,
imp222,user54,sess122,ad37,Education,2023-06-29 05:22:07,Desktop,Windows,Safari,Germany,page80,Google,0.3773803863412914,,,
imp378,user33,sess34,ad25,Entertainment,2023-04-09 21:27:48,Tablet,macOS,Chrome,UK,page22,Direct,0.7201351878690461,,,
imp212,user55,sess28,ad44,Electronics,2023-05-16 04:07:41,Mobile,Linux,Chrome,UK,page91,Twitter,0.732809849898104,,,
imp188,user82,sess187,ad16,Apparel,2023-04-01 00:14:02,Tablet,macOS,Chrome,China,page59,Twitter,0.0771866428593098,,,
imp385,user15,sess17,ad41,Electronics,2023-10-27 15:28:15,Mobile,Linux,Firefox,Spain,page4,Direct,1.3136244658527705,,,
imp98,user48,sess25,ad16,Health,2023-02-27 02:05:15,Tablet,Android,Chrome,China,page66,Facebook,1.0597548997148043,,,
imp441,user43,sess186,ad26,Electronics,2023-08-04 04:57:18,Tablet,iOS,Edge,China,page66,Facebook,0.1488697444573102,,,
imp5,user15,sess135,ad48,Apparel,2023-01-21 04:28:40,Tablet,macOS,Firefox,China,page40,Twitter,0.0218592593895061,,,
imp134,user86,sess156,ad34,Services,2023-05-31 14:20:13,Desktop,macOS,Opera,Germany,page94,Twitter,0.0890745240850446,,,
imp422,user27,sess173,ad32,Entertainment,2023-11-06 22:31:15,Tablet,Linux,Safari,Germany,page15,Google,0.1264189990549154,,,
imp43,user21,sess186,ad9,Apparel,2023-12-05 21:21:24,Desktop,Linux,Edge,France,page16,Twitter,0.2089783606637331,,,
imp90,user25,sess121,ad16,Entertainment,2023-06-11 11:23:14,Desktop,Windows,Chrome,UK,page16,Facebook,0.8736961804309777,,,
imp112,user10,sess178,ad23,Electronics,2023-11-26 15:05:34,Tablet,Android,Chrome,Spain,page100,Twitter,0.0534937558243984,,,
imp246,user67,sess124,ad8,Entertainment,2023-11-23 11:41:49,Desktop,Windows,Opera,Canada,page10,Twitter,0.8929106714966453,,,
imp401,user42,sess125,ad45,Apparel,2023-09-11 22:27:35,Mobile,Windows,Opera,USA,page27,Facebook,0.9589422406585066,,,
imp468,user49,sess103,ad22,Health,2023-05-21 23:22:18,Tablet,Windows,Firefox,USA,page18,Google,0.2624229659516688,,,
imp317,user12,sess25,ad37,Health,2023-04-30 17:02:35,Tablet,iOS,Chrome,Japan,page67,Twitter,1.3975499173200003,,,
imp444,user95,sess107,ad27,Services,2023-01-12 23:40:46,Desktop,Android,Opera,Canada,page99,Facebook,0.4695933060174457,,,
imp395,user98,sess38,ad5,Health,2023-12-13 02:45:53,Tablet,Android,Firefox,Canada,page63,Facebook,0.2933042354634421,,,
imp447,user32,sess107,ad41,Electronics,2023-11-23 02:14:44,Mobile,iOS,Opera,India,page62,Google,1.3023130141401775,,,
imp176,user45,sess64,ad32,Electronics,2023-02-12 11:53:46,Desktop,macOS,Safari,India,page10,Facebook,0.2518472005348784,,,
imp30,user33,sess51,ad25,Electronics,2023-08-03 23:13:05,Mobile,iOS,Safari,Canada,page3,Google,0.2095137397813026,,,
imp173,user62,sess7,ad36,Electronics,2023-11-21 23:43:43,Mobile,iOS,Firefox,Canada,page60,Google,0.7793224613016175,,,
imp95,user90,sess39,ad43,Apparel,2023-08-13 08:25:43,Tablet,macOS,Firefox,China,page43,LinkedIn,0.8705577417752095,,,
imp427,user16,sess117,ad24,Health,2023-01-13 11:26:16,Tablet,Linux,Firefox,China,page13,Twitter,1.1572827309108382,,,
imp50,user11,sess153,ad19,Electronics,2023-06-20 21:11:20,Tablet,Linux,Chrome,USA,page32,LinkedIn,0.7955562009450685,,,
imp323,user17,sess183,ad38,Electronics,2023-10-12 10:10:11,Desktop,Windows,Chrome,India,page6,Facebook,0.954151678593524,,,
imp416,user34,sess110,ad50,Services,2023-04-29 00:38:28,Tablet,iOS,Edge,USA,page27,Facebook,0.7601037986314809,,,
imp467,user76,sess142,ad40,Entertainment,2023-10-10 21:23:03,Mobile,macOS,Safari,USA,page91,Google,0.20492383854715,,,
imp302,user39,sess153,ad40,Health,2023-02-26 00:36:20,Desktop,Windows,Chrome,Australia,page56,Google,0.8565983783472174,,,
imp155,user17,sess183,ad17,Services,2023-07-12 13:55:40,Desktop,macOS,Safari,USA,page31,Direct,0.7258428575169773,,,
imp494,user68,sess105,ad44,Health,2023-04-15 06:03:28,Mobile,Windows,Opera,UK,page84,Google,1.1088007645706537,,,
imp78,user96,sess142,ad39,Education,2023-06-22 19:17:56,Mobile,Android,Edge,USA,page62,Google,0.807900906263175,,,
imp27,user60,sess193,ad21,Health,2023-02-23 02:55:43,Mobile,Windows,Chrome,Germany,page5,Google,0.48386222405981,,,
imp348,user81,sess22,ad28,Electronics,2023-01-31 15:21:17,Tablet,Linux,Opera,USA,page51,Google,1.4450550193337768,,,
imp167,user76,sess163,ad29,Health,2023-10-30 08:51:32,Desktop,macOS,Chrome,Canada,page32,Twitter,1.2261117339312486,,,
imp379,user77,sess197,ad31,Electronics,2023-10-09 05:33:34,Tablet,iOS,Edge,China,page56,Google,0.110704250998101,,,
imp299,user86,sess95,ad19,Apparel,2023-10-23 11:20:15,Mobile,Linux,Chrome,France,page100,Facebook,1.4157497733385425,,,
imp257,user46,sess189,ad29,Education,2023-10-04 05:12:39,Tablet,Android,Chrome,Japan,page37,Twitter,0.7990839277788219,,,
imp369,user34,sess34,ad8,Electronics,2023-04-23 19:54:46,Mobile,iOS,Edge,UK,page7,Google,1.0287863594907347,,,
imp297,user80,sess5,ad27,Entertainment,2023-08-13 16:22:53,Mobile,macOS,Edge,USA,page67,Google,0.8203425528676985,,,
imp169,user46,sess133,ad44,Electronics,2023-01-01 15:15:03,Desktop,macOS,Firefox,Spain,page3,Google,1.006417871596529,,,
imp287,user28,sess136,ad4,Services,2023-08-01 03:46:03,Desktop,Android,Safari,China,page54,Facebook,0.8329478848590044,,,
imp240,user31,sess164,ad9,Electronics,2023-01-28 00:50:22,Mobile,Windows,Edge,Canada,page71,Twitter,1.3847286178199083,,,
imp181,user20,sess196,ad17,Apparel,2023-09-23 08:07:38,Desktop,Linux,Opera,USA,page17,Facebook,0.1762063692105223,,,
imp491,user68,sess102,ad12,Apparel,2023-06-02 18:29:50,Tablet,iOS,Opera,USA,page1,Direct,0.0845951978489046,,,
imp239,user46,sess86,ad17,Entertainment,2023-10-29 05:16:03,Tablet,iOS,Edge,Australia,page3,Direct,1.0389918559128035,,,
imp499,user38,sess43,ad4,Health,2023-03-19 01:52:51,Tablet,Linux,Chrome,India,page2,Direct,0.4119893936402107,,,
imp51,user15,sess122,ad40,Apparel,2023-11-21 19:15:49,Tablet,Windows,Firefox,Australia,page2,Google,0.1231126661274224,,,
imp139,user23,sess196,ad2,Health,2023-06-11 18:49:00,Tablet,Linux,Opera,India,page32,Direct,0.6328321938671168,,,
imp229,user73,sess65,ad38,Education,2023-10-23 10:37:16,Desktop,Android,Edge,France,page94,Facebook,1.320519346830427,,,
imp318,user28,sess89,ad16,Entertainment,2023-12-10 01:10:55,Mobile,macOS,Opera,Canada,page52,Twitter,0.9233560872254324,,,
imp15,user46,sess172,ad24,Entertainment,2023-09-21 01:31:19,Tablet,iOS,Edge,USA,page30,Direct,0.4554824205508,,,
imp256,user69,sess154,ad7,Electronics,2023-07-24 07:49:22,Tablet,Windows,Safari,USA,page9,Google,0.0341833047230094,,,
imp267,user10,sess58,ad13,Electronics,2023-02-11 00:38:36,Mobile,macOS,Opera,Japan,page57,Google,0.3166241854051601,,,
imp397,user92,sess92,ad43,Services,2023-08-11 12:56:18,Mobile,Windows,Firefox,India,page88,Direct,1.083945172779119,,,
imp380,user96,sess42,ad33,Electronics,2023-09-29 07:36:58,Tablet,Windows,Edge,USA,page73,Facebook,0.2008440339139445,,,
imp448,user31,sess167,ad34,Services,2023-02-07 01:48:10,Tablet,Windows,Chrome,France,page59,Twitter,1.3893083696199058,,,
imp340,user62,sess9,ad2,Electronics,2023-03-28 08:11:27,Mobile,iOS,Firefox,Germany,page12,Google,0.1394188891065396,,,
imp418,user68,sess199,ad10,Education,2023-12-17 14:38:26,Mobile,Windows,Safari,UK,page29,LinkedIn,0.4462512602270982,,,
imp73,user16,sess88,ad35,Education,2023-10-04 08:06:51,Desktop,Android,Safari,UK,page93,LinkedIn,0.1828422798649387,,,
imp274,user32,sess118,ad33,Apparel,2023-03-10 01:15:48,Tablet,Windows,Firefox,UK,page50,LinkedIn,0.825681295402139,,,
imp184,user3,sess80,ad34,Services,2023-09-22 15:32:37,Desktop,Android,Opera,China,page29,Direct,0.9401012663768886,,,
imp160,user89,sess8,ad46,Electronics,2023-10-24 03:15:24,Desktop,Linux,Safari,Japan,page63,Facebook,0.5511186228906335,,,
imp166,user20,sess93,ad48,Apparel,2023-02-01 06:13:56,Desktop,iOS,Safari,UK,page1,LinkedIn,0.188915608249809,,,
imp474,user47,sess8,ad30,Electronics,2023-12-30 02:16:15,Tablet,iOS,Edge,France,page55,Facebook,1.1297316878751889,,,
imp483,user4,sess113,ad49,Education,2023-06-09 10:45:18,Tablet,Windows,Firefox,Japan,page18,LinkedIn,0.6410939010448429,,,
imp213,user66,sess6,ad49,Electronics,2023-05-22 16:48:28,Desktop,macOS,Firefox,Germany,page61,Direct,0.0984097133868994,,,
imp144,user100,sess86,ad28,Apparel,2023-12-27 08:34:14,Mobile,iOS,Opera,UK,page16,Facebook,0.3000182704578432,,,
imp149,user42,sess97,ad15,Entertainment,2023-11-20 09:24:40,Tablet,macOS,Edge,Germany,page70,LinkedIn,0.0704481191528348,,,
imp381,user99,sess34,ad20,Apparel,2023-12-17 08:06:56,Desktop,Windows,Opera,France,page21,Google,1.3853730976468663,,,
imp341,user96,sess169,ad9,Entertainment,2023-05-07 02:42:11,Desktop,Windows,Edge,France,page5,Facebook,0.8928362109453253,,,
imp86,user8,sess165,ad16,Education,2023-03-14 23:13:07,Mobile,macOS,Firefox,China,page82,Twitter,1.1733567478798368,,,
imp481,user31,sess91,ad1,Services,2023-11-25 07:14:35,Tablet,macOS,Chrome,Australia,page43,Twitter,1.146239780575589,,,
imp322,user63,sess72,ad7,Electronics,2023-05-26 22:55:08,Tablet,Android,Chrome,Spain,page98,Google,0.3764212852968051,,,
imp121,user30,sess160,ad21,Education,2023-11-09 04:59:49,Tablet,Linux,Opera,India,page27,Twitter,0.4901373977394173,,,
imp251,user9,sess137,ad3,Apparel,2023-05-07 09:57:49,Mobile,iOS,Opera,Spain,page78,LinkedIn,0.8615311298148693,,,
imp191,user77,sess97,ad18,Education,2023-05-17 23:47:59,Tablet,iOS,Chrome,Spain,page31,Twitter,1.260585919396277,,,
imp295,user73,sess199,ad6,Electronics,2023-05-08 09:12:44,Desktop,iOS,Firefox,Japan,page10,Twitter,0.793814891705052,,,
imp62,user48,sess14,ad21,Electronics,2023-05-12 13:05:31,Tablet,iOS,Edge,Germany,page29,Direct,0.1394828668001642,,,
imp55,user78,sess39,ad9,Health,2023-09-28 15:29:57,Tablet,Linux,Edge,Japan,page96,Twitter,0.4219474652317778,,,
imp247,user80,sess121,ad25,Electronics,2023-12-06 17:05:38,Mobile,macOS,Edge,USA,page44,LinkedIn,0.0860670992621741,,,
imp145,user32,sess176,ad28,Entertainment,2023-04-30 02:45:18,Desktop,Linux,Opera,Germany,page6,Direct,0.241788754327259,,,
imp153,user81,sess151,ad46,Entertainment,2023-01-30 15:06:52,Tablet,macOS,Safari,Japan,page49,Twitter,1.0599866481413351,,,
imp271,user13,sess52,ad31,Apparel,2023-04-12 16:31:23,Mobile,macOS,Edge,India,page55,Facebook,0.7415961609330076,,,
imp424,user32,sess23,ad28,Education,2023-05-06 09:45:52,Tablet,iOS,Opera,France,page63,Google,1.03632228170736,,,
imp67,user9,sess193,ad1,Entertainment,2023-11-30 08:13:11,Desktop,Linux,Edge,India,page4,Direct,1.4929680546296933,,,
imp496,user45,sess74,ad40,Electronics,2023-10-13 18:02:56,Mobile,Linux,Chrome,Spain,page3,LinkedIn,0.9932393464870486,,,
imp218,user22,sess49,ad46,Services,2023-04-25 00:10:45,Tablet,macOS,Safari,Spain,page1,Twitter,0.2462934989414591,,,
imp99,user96,sess111,ad10,Education,2023-11-25 23:49:05,Mobile,Linux,Edge,USA,page81,Google,0.9695889203963698,,,
imp265,user20,sess100,ad38,Apparel,2023-01-19 09:50:46,Mobile,macOS,Chrome,USA,page15,Google,0.6363576223977144,,,
imp457,user98,sess8,ad9,Services,2023-05-31 04:06:25,Mobile,Windows,Safari,Spain,page21,Google,0.3801384414971029,,,
imp102,user81,sess124,ad35,Apparel,2023-01-23 15:33:56,Tablet,Linux,Safari,USA,page2,LinkedIn,0.4364738165939519,,,
imp7,user10,sess27,ad42,Apparel,2023-04-15 08:22:52,Tablet,iOS,Chrome,Spain,page94,Facebook,1.044571052917842,,,
imp152,user72,sess181,ad12,Apparel,2023-01-10 00:00:37,Mobile,iOS,Opera,Japan,page88,LinkedIn,0.742310047881122,,,
imp35,user30,sess173,ad25,Electronics,2023-08-11 19:14:20,Desktop,Linux,Safari,Canada,page56,Google,0.638627639205282,,,
imp0,user94,sess134,ad36,Services,2023-01-15 14:24:02,Mobile,macOS,Firefox,Germany,page25,Google,1.192770477552202,,,
imp353,user57,sess49,ad22,Electronics,2023-06-15 15:31:50,Mobile,macOS,Edge,Germany,page93,Facebook,0.063515770226529,,,
imp475,user61,sess161,ad34,Apparel,2023-03-08 16:40:43,Tablet,Linux,Edge,UK,page60,Direct,0.7770377836981016,,,
imp39,user27,sess81,ad10,Health,2023-06-19 17:35:26,Mobile,Linux,Opera,China,page56,Facebook,0.3581038618040115,,,
imp4,user50,sess179,ad11,Services,2023-09-28 01:32:34,Mobile,macOS,Safari,Spain,page64,Direct,0.7781737934332975,,,
imp125,user90,sess189,ad23,Health,2023-07-11 16:41:43,Tablet,macOS,Safari,Spain,page24,LinkedIn,1.342703432456024,,,
imp135,user50,sess106,ad19,Health,2023-11-10 15:26:45,Mobile,Windows,Edge,India,page9,Twitter,1.2259129472109909,,,
imp57,user67,sess57,ad36,Education,2023-04-15 02:31:54,Tablet,iOS,Safari,Spain,page78,Twitter,1.2585665321439072,,,
imp327,user76,sess86,ad49,Health,2023-02-15 23:45:44,Tablet,iOS,Opera,India,page43,Twitter,0.2591748320492054,,,
imp357,user47,sess189,ad39,Apparel,2023-03-03 08:27:44,Mobile,Android,Chrome,China,page76,Google,0.2803579155174434,,,
imp386,user74,sess132,ad26,Health,2023-04-04 12:48:27,Mobile,macOS,Opera,USA,page78,Twitter,0.8323541212478633,,,
imp425,user60,sess147,ad21,Health,2023-10-11 00:00:26,Tablet,macOS,Chrome,Spain,page77,Direct,0.3624197962270502,,,
imp233,user91,sess149,ad24,Electronics,2023-09-23 15:14:38,Desktop,Linux,Firefox,China,page38,Twitter,0.8553516435456104,,,
imp199,user63,sess80,ad30,Entertainment,2023-03-30 17:10:57,Desktop,Android,Chrome,Spain,page51,Google,1.2156635786939385,,,
imp452,user68,sess68,ad49,Education,2023-05-14 01:58:46,Tablet,Linux,Opera,USA,page74,Facebook,0.5509536251174924,,,
imp465,user80,sess27,ad33,Entertainment,2023-03-29 21:40:57,Tablet,Windows,Firefox,France,page13,Facebook,0.1193771610977755,,,
imp269,user42,sess126,ad19,Entertainment,2023-04-24 20:55:33,Tablet,iOS,Edge,Germany,page30,Facebook,1.1688898569392665,,,
imp313,user22,sess198,ad47,Services,2023-01-01 02:52:28,Desktop,iOS,Firefox,Australia,page13,Facebook,0.7637258287562133,,,
imp294,user85,sess42,ad29,Entertainment,2023-05-28 09:40:05,Mobile,iOS,Safari,Australia,page30,Google,0.947667019881247,,,
imp170,user53,sess20,ad50,Entertainment,2023-12-07 14:38:06,Tablet,Linux,Chrome,UK,page40,Twitter,0.5472135566271895,,,
imp373,user48,sess89,ad11,Electronics,2023-01-15 11:39:12,Tablet,Linux,Opera,Germany,page97,Facebook,0.6167361283837922,,,
imp278,user3,sess55,ad45,Entertainment,2023-01-22 07:02:35,Mobile,macOS,Firefox,Spain,page4,LinkedIn,1.2833400014659628,,,
imp227,user15,sess64,ad5,Apparel,2023-09-19 20:18:20,Tablet,Windows,Edge,Spain,page50,Google,1.434634959254174,,,
imp383,user22,sess150,ad21,Electronics,2023-10-11 11:54:34,Mobile,macOS,Safari,Germany,page9,Direct,1.3592023115230127,,,
imp336,user49,sess30,ad41,Health,2023-11-16 06:31:26,Mobile,Linux,Chrome,India,page18,Direct,0.5540542880274024,,,
imp2,user11,sess88,ad13,Apparel,2023-11-08 06:25:32,Desktop,Android,Safari,Australia,page36,Google,0.8593764965486381,,,
imp58,user9,sess83,ad48,Electronics,2023-02-04 10:15:30,Tablet,Android,Chrome,Canada,page43,Twitter,0.1003094941385285,,,
imp482,user37,sess197,ad20,Education,2023-10-14 03:35:12,Tablet,macOS,Edge,USA,page18,Google,1.0818417453883178,,,
imp387,user4,sess82,ad14,Apparel,2023-10-07 04:11:47,Desktop,Windows,Opera,Australia,page89,Facebook,0.8290790365171307,,,
imp65,user21,sess166,ad41,Health,2023-04-22 19:20:27,Tablet,Windows,Edge,UK,page71,Google,0.8744385552558129,,,
imp471,user27,sess74,ad34,Education,2023-04-26 01:18:00,Desktop,Android,Firefox,France,page51,Google,0.98989842617048,,,
imp334,user68,sess60,ad12,Health,2023-05-22 19:02:38,Tablet,Linux,Firefox,UK,page60,Direct,0.3519106517440192,,,
imp107,user34,sess7,ad22,Education,2023-10-24 08:43:56,Desktop,macOS,Firefox,Japan,page7,Twitter,0.9337219557850812,,,
imp140,user22,sess10,ad10,Education,2023-09-19 05:16:02,Mobile,Linux,Opera,UK,page37,Facebook,1.4878839859465278,,,
imp175,user83,sess103,ad20,Electronics,2023-12-26 04:53:02,Desktop,Windows,Chrome,USA,page42,Google,0.9574000194085386,,,
imp291,user82,sess146,ad23,Apparel,2023-03-12 10:43:47,Tablet,Linux,Chrome,India,page9,Direct,0.7806744049513309,,,
imp26,user59,sess143,ad19,Health,2023-04-21 15:31:02,Desktop,macOS,Safari,France,page55,LinkedIn,0.3493997049050446,,,
imp306,user89,sess84,ad6,Education,2023-03-11 19:55:01,Desktop,iOS,Firefox,China,page32,Facebook,0.9828910950653996,,,
imp286,user86,sess76,ad25,Electronics,2023-10-13 07:18:35,Tablet,iOS,Safari,France,page6,LinkedIn,0.7775304250488461,,,
imp49,user26,sess61,ad46,Health,2023-06-13 09:06:26,Desktop,Windows,Edge,Japan,page76,Twitter,0.2849614024293704,,,
imp351,user42,sess37,ad14,Education,2023-09-22 01:41:37,Mobile,macOS,Safari,Germany,page70,Google,0.5742761965672268,,,
imp305,user65,sess49,ad8,Services,2023-10-04 15:13:12,Desktop,Linux,Safari,Japan,page64,Facebook,0.7724924113976717,,,
imp163,user18,sess100,ad47,Entertainment,2023-05-18 22:58:40,Desktop,Linux,Safari,China,page22,LinkedIn,1.1586191604875202,,,
imp250,user2,sess2,ad50,Health,2023-04-08 01:29:50,Mobile,Linux,Edge,UK,page83,Direct,0.5630813655380776,,,
imp42,user79,sess51,ad40,Health,2023-05-22 19:05:02,Desktop,macOS,Opera,Australia,page56,Facebook,1.363760542241499,,,
imp3,user25,sess144,ad26,Apparel,2023-12-12 01:58:50,Mobile,Windows,Safari,Australia,page11,Facebook,1.128223499157815,,,
imp195,user1,sess139,ad49,Services,2023-03-06 23:08:03,Desktop,iOS,Safari,France,page89,Twitter,1.3713363667135914,,,
imp303,user91,sess184,ad46,Entertainment,2023-07-17 05:39:19,Mobile,Windows,Chrome,Germany,page56,Google,0.7359736182833284,,,
imp445,user77,sess25,ad36,Services,2023-05-22 17:57:45,Desktop,Linux,Opera,China,page84,Google,1.053090218908847,,,
imp44,user36,sess21,ad14,Education,2023-05-09 08:10:25,Mobile,macOS,Chrome,Spain,page87,Direct,1.4070427677328876,,,
imp150,user66,sess149,ad14,Services,2023-09-20 22:44:41,Desktop,Linux,Safari,Japan,page24,Facebook,0.1105240152412113,,,
imp461,user27,sess37,ad23,Services,2023-06-19 17:43:58,Tablet,Android,Chrome,Germany,page58,Google,1.0154172209774124,,,
imp198,user53,sess10,ad21,Electronics,2023-06-21 09:34:28,Mobile,macOS,Edge,Canada,page34,LinkedIn,1.0628493338980003,,,
imp56,user76,sess36,ad10,Services,2023-02-18 01:23:01,Mobile,Linux,Chrome,UK,page5,Google,1.0349344764115662,,,
imp200,user64,sess2,ad32,Apparel,2023-06-20 12:45:48,Tablet,Linux,Chrome,Japan,page94,Direct,1.478902497250169,,,
imp409,user78,sess58,ad37,Apparel,2023-10-04 11:38:48,Mobile,Windows,Firefox,France,page64,Facebook,1.4064430406641568,,,
imp11,user27,sess112,ad37,Services,2023-11-15 19:52:45,Desktop,macOS,Safari,Germany,page33,Twitter,0.644350349859187,,,
imp432,user73,sess92,ad22,Apparel,2023-02-06 06:19:05,Tablet,macOS,Opera,UK,page57,Direct,0.2929849282288725,,,
imp263,user13,sess21,ad28,Services,2023-08-13 16:07:33,Tablet,Linux,Chrome,UK,page96,Direct,0.7521850644319553,,,
imp154,user84,sess182,ad18,Services,2023-01-19 18:02:29,Mobile,macOS,Chrome,UK,page71,Direct,0.1140250360230375,,,
imp279,user9,sess59,ad36,Electronics,2023-01-13 01:29:39,Mobile,iOS,Firefox,UK,page29,Facebook,0.4057009459141877,,,
imp6,user70,sess80,ad22,Education,2023-11-06 11:08:04,Mobile,Linux,Edge,India,page83,Twitter,1.3441609001747552,,,
imp137,user44,sess21,ad11,Entertainment,2023-12-28 11:09:23,Tablet,iOS,Safari,UK,page17,Direct,1.1791923176704402,,,
imp293,user48,sess36,ad45,Apparel,2023-11-06 17:47:17,Tablet,Linux,Edge,Spain,page29,Facebook,0.3221938582646249,,,
imp214,user65,sess147,ad36,Apparel,2023-06-18 05:46:12,Mobile,macOS,Firefox,China,page96,Google,0.7138527659243946,,,
imp329,user73,sess171,ad23,Services,2023-09-22 12:49:48,Desktop,macOS,Opera,USA,page16,Facebook,0.4337559919674251,,,
imp185,user86,sess99,ad37,Education,2023-07-20 17:37:23,Mobile,iOS,Safari,France,page95,Direct,0.6306475901614315,,,
imp314,user87,sess199,ad10,Education,2023-12-27 20:46:40,Desktop,macOS,Chrome,Australia,page2,Twitter,0.6343908926651997,,,
imp241,user39,sess9,ad9,Health,2023-02-26 14:58:14,Desktop,macOS,Edge,Japan,page49,LinkedIn,0.4166322159593273,,,
imp358,user51,sess89,ad4,Apparel,2023-01-02 16:13:35,Tablet,macOS,Firefox,Japan,page33,LinkedIn,0.1372136341491859,,,
imp332,user13,sess184,ad28,Health,2023-02-15 00:08:38,Tablet,Windows,Firefox,UK,page100,Twitter,0.1257851103675394,,,
imp325,user4,sess77,ad45,Electronics,2023-09-08 08:41:39,Mobile,Windows,Edge,UK,page79,LinkedIn,0.1973896161006648,,,
imp337,user61,sess15,ad22,Services,2023-04-05 10:55:09,Tablet,Windows,Opera,Spain,page21,Direct,0.7903789042629479,,,
imp479,user78,sess61,ad23,Education,2023-03-02 02:39:47,Desktop,Android,Chrome,Spain,page77,LinkedIn,1.0862538619541822,,,
imp371,user35,sess24,ad31,Entertainment,2023-10-06 01:38:50,Tablet,iOS,Opera,France,page30,LinkedIn,0.2286441401004636,,,
imp130,user73,sess61,ad27,Health,2023-04-26 10:06:55,Desktop,macOS,Chrome,Australia,page49,Facebook,0.4241028864988481,,,
imp352,user7,sess151,ad11,Education,2023-05-02 15:24:21,Tablet,Linux,Safari,Australia,page75,Direct,1.2053266727505954,,,
imp248,user39,sess55,ad46,Education,2023-12-12 14:44:01,Desktop,macOS,Chrome,Japan,page57,LinkedIn,0.3856642764937412,,,
imp368,user17,sess72,ad7,Services,2023-10-15 13:28:08,Desktop,Linux,Chrome,Australia,page11,LinkedIn,1.447280035927187,,,
imp261,user84,sess93,ad19,Apparel,2023-06-29 03:00:40,Tablet,Android,Edge,France,page21,Google,0.1991138070726881,,,
imp364,user23,sess153,ad16,Education,2023-06-29 23:50:18,Desktop,Android,Edge,France,page51,LinkedIn,1.1127706342126695,,,
imp225,user91,sess140,ad50,Apparel,2023-06-09 01:54:07,Tablet,Android,Opera,Spain,page19,Twitter,0.6162881427679572,,,
imp309,user93,sess113,ad5,Electronics,2023-06-15 20:55:37,Mobile,macOS,Opera,USA,page44,Direct,0.0659227268313545,,,
imp148,user1,sess115,ad27,Health,2023-01-04 10:21:50,Desktop,iOS,Safari,Japan,page2,Google,1.339118397641655,,,
imp284,user92,sess129,ad23,Apparel,2023-10-04 05:36:24,Desktop,iOS,Firefox,Spain,page68,Direct,0.7721862718871952,,,
imp478,user12,sess16,ad32,Education,2023-01-24 22:03:48,Mobile,Android,Chrome,India,page30,LinkedIn,1.284064134237066,,,
