,ImpressionID,UserID,SessionID,AdID,AdCategory,Device,OS,Browser,Location,PageID,Referrer,ImpressionCost
0,0,94,134,36,Services,Mobile,macOS,Firefox,Germany,page25,Google,1.192770477552202
5,5,15,135,48,Apparel,Tablet,macOS,Firefox,China,page40,Twitter,0.0218592593895061
6,6,70,80,22,Education,Mobile,Linux,Edge,India,page83,Twitter,1.3441609001747552
11,11,27,112,37,Services,Desktop,macOS,Safari,Germany,page33,Twitter,0.644350349859187
14,14,52,142,24,Entertainment,Tablet,Windows,Opera,Australia,page77,Google,0.5674041010854424
17,17,34,112,1,Health,Tablet,Windows,Opera,France,page17,Google,1.3208337443613962
19,19,12,97,25,Apparel,Tablet,macOS,Edge,Germany,page44,Twitter,0.0456957455360392
20,20,1,106,9,Electronics,Desktop,iOS,Edge,Canada,page38,LinkedIn,0.1871599690971448
22,22,24,135,36,Apparel,Tablet,Android,Firefox,USA,page81,Google,1.1074119013604269
23,23,93,165,2,Services,Mobile,Linux,Firefox,China,page93,Google,0.5467898861040238
24,24,69,109,39,Services,Tablet,macOS,Opera,India,page76,LinkedIn,1.3839058291219084
25,25,47,14,23,Education,Tablet,Windows,Chrome,France,page25,Google,0.0936713285449137
34,34,81,44,6,Electronics,Desktop,iOS,Safari,India,page92,Direct,1.313922829070204
38,38,41,163,6,Services,Tablet,iOS,Opera,India,page70,Google,0.2694647125478859
40,40,43,154,15,Education,Tablet,iOS,Opera,Japan,page61,LinkedIn,0.3204047296902618
41,41,17,69,5,Entertainment,Desktop,macOS,Edge,Australia,page84,Direct,0.0401277662006123
42,42,79,51,40,Health,Desktop,macOS,Opera,Australia,page56,Facebook,1.363760542241499
43,43,21,186,9,Apparel,Desktop,Linux,Edge,France,page16,Twitter,0.2089783606637331
44,44,36,21,14,Education,Mobile,macOS,Chrome,Spain,page87,Direct,1.4070427677328876
45,45,36,78,15,Electronics,Desktop,macOS,Opera,Germany,page46,Google,0.208198490785897
47,47,5,116,16,Health,Tablet,Windows,Chrome,Spain,page18,Facebook,0.0700092023861117
49,49,26,61,46,Health,Desktop,Windows,Edge,Japan,page76,Twitter,0.2849614024293704
62,62,48,14,21,Electronics,Tablet,iOS,Edge,Germany,page29,Direct,0.1394828668001642
64,64,50,18,30,Health,Desktop,Android,Safari,Germany,page37,Twitter,0.0938816958716573
69,69,62,19,18,Electronics,Desktop,macOS,Chrome,Spain,page7,Facebook,0.3100324091806502
70,70,37,59,41,Electronics,Desktop,iOS,Opera,USA,page55,Direct,1.2594204141513965
71,71,84,48,34,Services,Desktop,Linux,Opera,France,page8,Facebook,0.3566778809927763
74,74,84,109,36,Electronics,Mobile,Windows,Edge,France,page61,Twitter,1.1390990057980377
78,78,96,142,39,Education,Mobile,Android,Edge,USA,page62,Google,0.807900906263175
79,79,85,69,15,Entertainment,Mobile,macOS,Opera,Germany,page97,Direct,0.5387306486392931
83,83,97,103,26,Education,Mobile,iOS,Edge,Canada,page45,Google,0.3712712479156041
87,87,34,55,50,Education,Mobile,Windows,Safari,China,page5,Facebook,0.8828791917727141
90,90,25,121,16,Entertainment,Desktop,Windows,Chrome,UK,page16,Facebook,0.8736961804309777
93,93,94,188,11,Services,Desktop,Windows,Opera,Germany,page64,Google,1.329828926787242
94,94,28,36,26,Education,Tablet,iOS,Safari,Germany,page95,Direct,0.3570748156638292
95,95,90,39,43,Apparel,Tablet,macOS,Firefox,China,page43,LinkedIn,0.8705577417752095
102,102,81,124,35,Apparel,Tablet,Linux,Safari,USA,page2,LinkedIn,0.4364738165939519
104,104,65,169,15,Electronics,Tablet,Linux,Chrome,UK,page16,Google,1.4767636225298686
105,105,88,195,24,Electronics,Tablet,macOS,Safari,UK,page99,Facebook,1.0386990400578124
107,107,34,7,22,Education,Desktop,macOS,Firefox,Japan,page7,Twitter,0.9337219557850812
109,109,3,13,42,Education,Tablet,Linux,Safari,Germany,page15,LinkedIn,0.4260531027111009
111,111,72,66,13,Education,Desktop,Windows,Edge,Australia,page60,Facebook,0.4583996032174365
112,112,10,178,23,Electronics,Tablet,Android,Chrome,Spain,page100,Twitter,0.0534937558243984
113,113,37,63,18,Health,Mobile,Android,Edge,Australia,page56,LinkedIn,0.1345499794059592
115,115,77,88,45,Education,Desktop,macOS,Firefox,Japan,page37,Direct,1.236103036129303
119,119,68,127,14,Electronics,Tablet,Linux,Safari,Spain,page52,Direct,1.2500382920000703
121,121,30,160,21,Education,Tablet,Linux,Opera,India,page27,Twitter,0.4901373977394173
122,122,87,13,4,Electronics,Mobile,Linux,Chrome,Australia,page51,Google,0.2258758383106762
125,125,90,189,23,Health,Tablet,macOS,Safari,Spain,page24,LinkedIn,1.342703432456024
126,126,10,186,4,Apparel,Mobile,Linux,Edge,China,page100,Facebook,0.8664442916398233
128,128,73,81,3,Entertainment,Mobile,macOS,Edge,France,page11,Facebook,0.5035873071174082
133,133,31,11,32,Education,Tablet,Android,Safari,USA,page79,Twitter,0.0229653494499825
134,134,86,156,34,Services,Desktop,macOS,Opera,Germany,page94,Twitter,0.0890745240850446
135,135,50,106,19,Health,Mobile,Windows,Edge,India,page9,Twitter,1.2259129472109909
140,140,22,10,10,Education,Mobile,Linux,Opera,UK,page37,Facebook,1.4878839859465278
142,142,69,144,15,Apparel,Tablet,Windows,Opera,China,page81,Direct,0.5033601383815125
146,146,32,18,32,Health,Desktop,iOS,Opera,Germany,page39,LinkedIn,1.099261479987724
149,149,42,97,15,Entertainment,Tablet,macOS,Edge,Germany,page70,LinkedIn,0.0704481191528348
152,152,72,181,12,Apparel,Mobile,iOS,Opera,Japan,page88,LinkedIn,0.742310047881122
155,155,17,183,17,Services,Desktop,macOS,Safari,USA,page31,Direct,0.7258428575169773
157,157,17,20,5,Health,Desktop,Windows,Edge,Japan,page31,Google,0.3564580790066277
158,158,54,103,34,Entertainment,Mobile,Windows,Edge,USA,page78,Google,1.2525287692737994
161,161,58,187,31,Apparel,Mobile,Linux,Edge,UK,page14,Twitter,0.6073449146502179
166,166,20,93,48,Apparel,Desktop,iOS,Safari,UK,page1,LinkedIn,0.188915608249809
168,168,75,147,37,Education,Tablet,macOS,Edge,Japan,page18,Direct,0.0537947564646293
169,169,46,133,44,Electronics,Desktop,macOS,Firefox,Spain,page3,Google,1.006417871596529
170,170,53,20,50,Entertainment,Tablet,Linux,Chrome,UK,page40,Twitter,0.5472135566271895
173,173,62,7,36,Electronics,Mobile,iOS,Firefox,Canada,page60,Google,0.7793224613016175
175,175,83,103,20,Electronics,Desktop,Windows,Chrome,USA,page42,Google,0.9574000194085386
176,176,45,64,32,Electronics,Desktop,macOS,Safari,India,page10,Facebook,0.2518472005348784
178,178,100,38,8,Electronics,Desktop,Windows,Safari,France,page63,Facebook,0.5738772540163614
179,179,32,3,16,Entertainment,Mobile,macOS,Opera,UK,page41,Google,0.9023850319664884
180,180,38,2,13,Health,Mobile,Linux,Firefox,Germany,page81,Twitter,0.287901549718394
181,181,20,196,17,Apparel,Desktop,Linux,Opera,USA,page17,Facebook,0.1762063692105223
183,183,53,176,39,Education,Tablet,iOS,Chrome,UK,page87,Direct,0.8720104056657493
186,186,69,99,31,Electronics,Mobile,iOS,Safari,UK,page23,Facebook,0.8064752493158653
187,187,47,59,34,Services,Desktop,Windows,Edge,Spain,page18,Direct,0.5351970458274535
188,188,82,187,16,Apparel,Tablet,macOS,Chrome,China,page59,Twitter,0.0771866428593098
189,189,57,104,8,Electronics,Mobile,Android,Chrome,Australia,page52,Twitter,1.0667128753350914
190,190,50,68,15,Electronics,Desktop,iOS,Firefox,Australia,page93,Direct,1.2864343587341542
192,192,9,35,24,Health,Mobile,Linux,Edge,Germany,page77,Direct,1.0607640346413714
194,194,81,133,3,Services,Desktop,Linux,Edge,Australia,page81,LinkedIn,0.6757822437994695
197,197,46,174,28,Apparel,Mobile,macOS,Chrome,USA,page81,Facebook,0.3589102953124923
198,198,53,10,21,Electronics,Mobile,macOS,Edge,Canada,page34,LinkedIn,1.0628493338980003
202,202,33,56,4,Entertainment,Mobile,Android,Safari,India,page55,Direct,0.8735289793050682
203,203,74,80,26,Health,Mobile,Android,Firefox,UK,page50,Facebook,1.0239620006003225
205,205,58,195,27,Entertainment,Tablet,macOS,Chrome,Canada,page97,Facebook,0.1681927632329942
206,206,22,83,19,Services,Tablet,Windows,Chrome,India,page53,LinkedIn,0.1016992075610778
209,209,18,121,26,Health,Tablet,macOS,Opera,UK,page90,Direct,0.780197972539942
210,210,49,127,44,Health,Tablet,iOS,Edge,Germany,page11,Google,0.1324325161066231
212,212,55,28,44,Electronics,Mobile,Linux,Chrome,UK,page91,Twitter,0.732809849898104
213,213,66,6,49,Electronics,Desktop,macOS,Firefox,Germany,page61,Direct,0.0984097133868994
214,214,65,147,36,Apparel,Mobile,macOS,Firefox,China,page96,Google,0.7138527659243946
215,215,45,138,3,Education,Desktop,Android,Opera,Spain,page56,Twitter,1.277588084426697
217,217,6,135,9,Entertainment,Mobile,macOS,Chrome,USA,page11,Direct,0.165925318980373
218,218,22,49,46,Services,Tablet,macOS,Safari,Spain,page1,Twitter,0.2462934989414591
220,220,34,194,26,Health,Desktop,macOS,Opera,Canada,page59,LinkedIn,1.371046774192391
225,225,91,140,50,Apparel,Tablet,Android,Opera,Spain,page19,Twitter,0.6162881427679572
228,228,47,105,25,Apparel,Tablet,Linux,Firefox,Germany,page11,Facebook,0.0560935397229312
231,231,74,75,20,Education,Mobile,iOS,Safari,UK,page66,Facebook,0.9324760795492762
234,234,14,140,4,Entertainment,Tablet,Android,Safari,France,page94,LinkedIn,1.3454288229129203
236,236,57,83,38,Electronics,Tablet,Linux,Chrome,Canada,page52,LinkedIn,0.6788192029061697
238,238,71,195,15,Education,Mobile,macOS,Opera,France,page78,LinkedIn,0.3383560433344025
241,241,39,9,9,Health,Desktop,macOS,Edge,Japan,page49,LinkedIn,0.4166322159593273
245,245,65,81,22,Entertainment,Mobile,iOS,Opera,Japan,page14,LinkedIn,1.3211007814823268
249,249,24,169,29,Health,Tablet,Linux,Edge,Spain,page20,Facebook,0.5357655072171732
250,250,2,2,50,Health,Mobile,Linux,Edge,UK,page83,Direct,0.5630813655380776
256,256,69,154,7,Electronics,Tablet,Windows,Safari,USA,page9,Google,0.0341833047230094
258,258,70,112,45,Entertainment,Tablet,Android,Chrome,USA,page97,Facebook,0.4514335898819802
259,259,13,93,25,Electronics,Mobile,Android,Edge,Spain,page84,LinkedIn,0.9442148580780372
261,261,84,93,19,Apparel,Tablet,Android,Edge,France,page21,Google,0.1991138070726881
271,271,13,52,31,Apparel,Mobile,macOS,Edge,India,page55,Facebook,0.7415961609330076
273,273,10,173,15,Apparel,Tablet,iOS,Edge,France,page62,Facebook,1.210125374548177
276,276,27,185,27,Apparel,Mobile,Linux,Chrome,France,page77,LinkedIn,1.083960605151751
279,279,9,59,36,Electronics,Mobile,iOS,Firefox,UK,page29,Facebook,0.4057009459141877
280,280,93,75,1,Education,Mobile,Android,Edge,Japan,page17,Twitter,0.4917049206917369
284,284,92,129,23,Apparel,Desktop,iOS,Firefox,Spain,page68,Direct,0.7721862718871952
292,292,65,15,1,Electronics,Tablet,Linux,Safari,France,page98,Google,0.8758781221391791
295,295,73,199,6,Electronics,Desktop,iOS,Firefox,Japan,page10,Twitter,0.793814891705052
298,298,30,20,44,Apparel,Desktop,iOS,Chrome,India,page76,LinkedIn,0.5514576880184943
299,299,86,95,19,Apparel,Mobile,Linux,Chrome,France,page100,Facebook,1.4157497733385425
300,300,20,193,15,Services,Tablet,Windows,Safari,Spain,page53,Google,0.1824885101531577
301,301,50,188,17,Apparel,Mobile,Windows,Opera,Japan,page64,Google,1.4810305792403629
306,306,89,84,6,Education,Desktop,iOS,Firefox,China,page32,Facebook,0.9828910950653996
307,307,68,162,26,Electronics,Tablet,iOS,Edge,Germany,page47,LinkedIn,1.4442897048358907
308,308,39,54,4,Electronics,Tablet,Linux,Chrome,Spain,page41,Direct,1.280197518194926
310,310,93,17,22,Apparel,Desktop,Windows,Opera,UK,page16,Direct,0.895239373408936
311,311,58,124,35,Electronics,Mobile,iOS,Chrome,China,page50,Facebook,0.5324477630554421
312,312,97,69,37,Entertainment,Tablet,macOS,Firefox,India,page54,Google,0.4331450639312436
313,313,22,198,47,Services,Desktop,iOS,Firefox,Australia,page13,Facebook,0.7637258287562133
314,314,87,199,10,Education,Desktop,macOS,Chrome,Australia,page2,Twitter,0.6343908926651997
317,317,12,25,37,Health,Tablet,iOS,Chrome,Japan,page67,Twitter,1.3975499173200003
323,323,17,183,38,Electronics,Desktop,Windows,Chrome,India,page6,Facebook,0.954151678593524
328,328,86,77,14,Electronics,Desktop,Windows,Chrome,France,page15,Direct,0.7267513377589668
331,331,47,182,32,Entertainment,Mobile,macOS,Chrome,UK,page22,Direct,0.3122766400900157
334,334,68,60,12,Health,Tablet,Linux,Firefox,UK,page60,Direct,0.3519106517440192
338,338,67,112,8,Electronics,Desktop,Windows,Edge,Germany,page4,Facebook,1.444521779335983
342,342,46,104,10,Electronics,Tablet,macOS,Chrome,France,page93,LinkedIn,0.5397042504531615
343,343,66,41,35,Apparel,Mobile,macOS,Firefox,Germany,page38,Google,0.7363489561955726
350,350,83,78,44,Entertainment,Desktop,iOS,Chrome,Germany,page85,Direct,0.646756496989164
351,351,42,37,14,Education,Mobile,macOS,Safari,Germany,page70,Google,0.5742761965672268
356,356,36,78,25,Services,Desktop,macOS,Edge,Germany,page40,Twitter,1.3222141121644404
358,358,51,89,4,Apparel,Tablet,macOS,Firefox,Japan,page33,LinkedIn,0.1372136341491859
359,359,43,187,45,Health,Tablet,Android,Chrome,Spain,page11,Google,1.0813058876555188
361,361,2,56,7,Services,Desktop,Linux,Chrome,USA,page47,Direct,0.2039373098597588
364,364,23,153,16,Education,Desktop,Android,Edge,France,page51,LinkedIn,1.1127706342126695
366,366,76,169,16,Health,Tablet,iOS,Opera,Canada,page98,Twitter,1.4996244520492097
367,367,44,38,34,Entertainment,Mobile,iOS,Chrome,China,page16,Google,0.9037311591708376
369,369,34,34,8,Electronics,Mobile,iOS,Edge,UK,page7,Google,1.0287863594907347
370,370,84,95,27,Entertainment,Tablet,Android,Edge,India,page83,LinkedIn,0.883352641949561
373,373,48,89,11,Electronics,Tablet,Linux,Opera,Germany,page97,Facebook,0.6167361283837922
374,374,82,73,26,Health,Mobile,Windows,Opera,China,page8,LinkedIn,1.4403731879222463
375,375,14,47,9,Apparel,Tablet,iOS,Opera,Germany,page40,LinkedIn,0.3208018109716616
376,376,70,88,29,Health,Mobile,Linux,Chrome,India,page24,Facebook,1.3958461699185705
380,380,96,42,33,Electronics,Tablet,Windows,Edge,USA,page73,Facebook,0.2008440339139445
381,381,99,34,20,Apparel,Desktop,Windows,Opera,France,page21,Google,1.3853730976468663
384,384,25,6,38,Electronics,Desktop,Linux,Firefox,China,page64,Direct,0.4939872200084481
385,385,15,17,41,Electronics,Mobile,Linux,Firefox,Spain,page4,Direct,1.3136244658527705
387,387,4,82,14,Apparel,Desktop,Windows,Opera,Australia,page89,Facebook,0.8290790365171307
389,389,71,81,20,Services,Desktop,Android,Chrome,China,page6,Direct,1.1464434599027815
390,390,86,43,9,Education,Mobile,Android,Firefox,France,page13,Direct,0.3593629232796794
395,395,98,38,5,Health,Tablet,Android,Firefox,Canada,page63,Facebook,0.2933042354634421
398,398,43,174,23,Apparel,Tablet,macOS,Safari,Spain,page75,Facebook,1.4093521263994513
399,399,51,199,1,Health,Mobile,iOS,Chrome,Germany,page40,LinkedIn,0.177726571957003
404,404,19,19,45,Health,Mobile,Linux,Firefox,Canada,page24,Facebook,0.3580008649431345
410,410,66,11,35,Services,Desktop,macOS,Firefox,UK,page38,Direct,1.3039946955999806
411,411,9,94,45,Apparel,Tablet,iOS,Chrome,USA,page61,Facebook,0.3360362583266972
413,413,9,82,2,Entertainment,Tablet,macOS,Chrome,Spain,page90,Direct,1.274690614925643
414,414,55,188,50,Apparel,Tablet,macOS,Chrome,China,page81,Google,1.0909332701754195
416,416,34,110,50,Services,Tablet,iOS,Edge,USA,page27,Facebook,0.7601037986314809
417,417,6,65,4,Entertainment,Tablet,Windows,Chrome,Germany,page62,LinkedIn,0.5633144822190812
422,422,27,173,32,Entertainment,Tablet,Linux,Safari,Germany,page15,Google,0.1264189990549154
426,426,81,191,1,Education,Desktop,Android,Safari,Japan,page90,Direct,1.2413220267524228
428,428,74,76,41,Education,Mobile,macOS,Firefox,UK,page42,LinkedIn,1.4670638795893192
429,429,100,132,40,Electronics,Tablet,iOS,Safari,Canada,page53,Twitter,0.5838542556006783
433,433,64,145,12,Apparel,Tablet,Linux,Opera,UK,page8,Facebook,1.1618976686254157
437,437,63,36,34,Electronics,Mobile,Android,Safari,France,page45,LinkedIn,0.075720198430345
440,440,90,134,20,Health,Mobile,Windows,Firefox,Australia,page39,Direct,0.1895086241502808
441,441,43,186,26,Electronics,Tablet,iOS,Edge,China,page66,Facebook,0.1488697444573102
444,444,95,107,27,Services,Desktop,Android,Opera,Canada,page99,Facebook,0.4695933060174457
450,450,69,40,25,Apparel,Tablet,Android,Opera,Canada,page87,Direct,1.3158542178915102
452,452,68,68,49,Education,Tablet,Linux,Opera,USA,page74,Facebook,0.5509536251174924
453,453,93,128,1,Entertainment,Desktop,Linux,Opera,France,page91,Google,0.5822559311534721
454,454,73,35,20,Electronics,Mobile,Windows,Safari,India,page12,Twitter,1.0916179617263362
456,456,9,111,43,Apparel,Desktop,Android,Chrome,Australia,page40,Twitter,0.3793278318145212
463,463,42,81,23,Electronics,Desktop,Windows,Opera,Germany,page99,LinkedIn,0.4527861746025735
464,464,91,116,48,Apparel,Desktop,macOS,Edge,India,page2,Direct,0.209009982315861
465,465,80,27,33,Entertainment,Tablet,Windows,Firefox,France,page13,Facebook,0.1193771610977755
468,468,49,103,22,Health,Tablet,Windows,Firefox,USA,page18,Google,0.2624229659516688
469,469,96,48,50,Apparel,Mobile,macOS,Firefox,USA,page31,Google,1.4491942945797758
470,470,70,98,31,Services,Desktop,macOS,Chrome,Japan,page48,Direct,0.7110944625620675
476,476,93,103,33,Electronics,Mobile,iOS,Chrome,UK,page18,LinkedIn,0.2890422788493114
478,478,12,16,32,Education,Mobile,Android,Chrome,India,page30,LinkedIn,1.284064134237066
480,480,78,146,19,Health,Mobile,iOS,Chrome,China,page22,Google,1.276195478580094
485,485,30,138,19,Entertainment,Mobile,macOS,Chrome,Australia,page94,LinkedIn,0.1929292183041412
488,488,37,133,39,Services,Tablet,Android,Firefox,Germany,page93,Twitter,1.4737474287035075
490,490,52,158,1,Entertainment,Desktop,Android,Opera,UK,page30,Facebook,0.1773096176024918
494,494,68,105,44,Health,Mobile,Windows,Opera,UK,page84,Google,1.1088007645706537
495,495,63,84,32,Electronics,Tablet,Android,Firefox,UK,page31,Direct,1.4196591569756414
496,496,45,74,40,Electronics,Mobile,Linux,Chrome,Spain,page3,LinkedIn,0.9932393464870486
127,127,13,67,6,Education,Tablet,Linux,Safari,UK,page37,Facebook,0.8887491118585201
86,86,8,165,16,Education,Mobile,macOS,Firefox,China,page82,Twitter,1.1733567478798368
459,459,32,79,44,Education,Mobile,Android,Safari,India,page91,Google,1.3533803268080495
76,76,67,166,49,Services,Desktop,iOS,Chrome,Spain,page3,Twitter,1.1675294621274694
458,458,54,178,17,Health,Mobile,iOS,Firefox,USA,page6,LinkedIn,1.4291860810167396
263,263,13,21,28,Services,Tablet,Linux,Chrome,UK,page96,Direct,0.7521850644319553
493,493,39,33,30,Education,Mobile,macOS,Firefox,Japan,page4,Twitter,0.4685956487650406
329,329,73,171,23,Services,Desktop,macOS,Opera,USA,page16,Facebook,0.4337559919674251
48,48,59,144,8,Education,Mobile,macOS,Opera,France,page82,Direct,0.1658778344584007
377,377,29,104,3,Electronics,Desktop,Windows,Edge,France,page43,Facebook,0.2247254572258765
272,272,51,102,5,Apparel,Desktop,iOS,Firefox,Canada,page3,LinkedIn,1.3892568803679333
143,143,29,33,22,Health,Desktop,Linux,Firefox,Germany,page11,Google,1.3246724328221726
235,235,34,98,47,Services,Mobile,Linux,Safari,Japan,page80,Google,1.1639366393586026
160,160,89,8,46,Electronics,Desktop,Linux,Safari,Japan,page63,Facebook,0.5511186228906335
363,363,21,161,41,Apparel,Tablet,Linux,Firefox,China,page34,LinkedIn,1.2722430401779077
322,322,63,72,7,Electronics,Tablet,Android,Chrome,Spain,page98,Google,0.3764212852968051
339,339,63,174,25,Electronics,Desktop,macOS,Opera,Spain,page67,LinkedIn,1.2425735275122929
61,61,88,175,38,Entertainment,Tablet,Android,Chrome,China,page55,Google,0.0181601057225186
148,148,1,115,27,Health,Desktop,iOS,Safari,Japan,page2,Google,1.339118397641655
75,75,65,35,14,Entertainment,Desktop,macOS,Opera,USA,page36,Facebook,0.8736888962017628
282,282,66,32,26,Services,Mobile,Android,Firefox,UK,page41,Direct,0.4758839554869808
174,174,8,43,48,Health,Tablet,Android,Safari,UK,page54,Direct,1.0072010364149528
382,382,84,111,11,Entertainment,Mobile,iOS,Edge,Germany,page33,Google,0.1996927852719204
36,36,73,77,41,Health,Desktop,Windows,Edge,Japan,page21,Facebook,0.8298985347191394
499,499,38,43,4,Health,Tablet,Linux,Chrome,India,page2,Direct,0.4119893936402107
153,153,81,151,46,Entertainment,Tablet,macOS,Safari,Japan,page49,Twitter,1.0599866481413351
477,477,24,14,13,Electronics,Mobile,iOS,Firefox,India,page1,Direct,0.3446654136461307
243,243,97,47,32,Health,Desktop,Android,Edge,Spain,page12,Direct,0.8047894664142299
455,455,41,85,47,Entertainment,Desktop,Android,Opera,China,page94,Direct,1.4276745436181393
13,13,28,16,17,Health,Tablet,Windows,Safari,Japan,page27,LinkedIn,1.3878821743174157
483,483,4,113,49,Education,Tablet,Windows,Firefox,Japan,page18,LinkedIn,0.6410939010448429
3,3,25,144,26,Apparel,Mobile,Windows,Safari,Australia,page11,Facebook,1.128223499157815
461,461,27,37,23,Services,Tablet,Android,Chrome,Germany,page58,Google,1.0154172209774124
63,63,8,78,2,Apparel,Mobile,Linux,Opera,Japan,page33,Facebook,0.5640230300681766
51,51,15,122,40,Apparel,Tablet,Windows,Firefox,Australia,page2,Google,0.1231126661274224
392,392,19,193,27,Apparel,Tablet,Android,Firefox,India,page81,Google,1.2552248769673364
66,66,95,77,9,Apparel,Mobile,macOS,Opera,USA,page19,Google,0.1007198613425772
294,294,85,42,29,Entertainment,Mobile,iOS,Safari,Australia,page30,Google,0.947667019881247
412,412,19,135,4,Services,Mobile,iOS,Edge,UK,page84,Google,1.4093454479240968
244,244,21,155,30,Entertainment,Desktop,Android,Opera,France,page29,Direct,0.0310399530624317
409,409,78,58,37,Apparel,Mobile,Windows,Firefox,France,page64,Facebook,1.4064430406641568
223,223,25,93,6,Electronics,Tablet,macOS,Firefox,Canada,page96,Facebook,0.3706689627913886
2,2,11,88,13,Apparel,Desktop,Android,Safari,Australia,page36,Google,0.8593764965486381
352,352,7,151,11,Education,Tablet,Linux,Safari,Australia,page75,Direct,1.2053266727505954
16,16,90,128,49,Services,Mobile,Android,Opera,India,page53,Facebook,0.6560643889782901
289,289,21,29,20,Electronics,Tablet,Linux,Edge,UK,page5,Direct,0.797458654239073
224,224,47,114,23,Education,Tablet,Linux,Chrome,France,page63,Direct,1.1080005120002636
403,403,95,86,27,Services,Desktop,Linux,Safari,USA,page78,Google,0.5977176161850765
114,114,13,59,10,Education,Tablet,iOS,Chrome,Australia,page89,Twitter,0.9306438125082308
420,420,8,173,50,Electronics,Desktop,Android,Firefox,Japan,page45,Twitter,0.734761554971294
423,423,32,14,17,Entertainment,Tablet,Linux,Opera,Spain,page91,Facebook,0.8587924433161572
487,487,62,115,11,Apparel,Mobile,Android,Opera,Australia,page94,Facebook,0.5590922566620252
165,165,7,67,1,Entertainment,Tablet,macOS,Chrome,France,page53,Twitter,1.4541995868301407
118,118,15,32,3,Services,Desktop,macOS,Opera,France,page96,LinkedIn,0.9782157093034296
37,37,99,178,7,Education,Tablet,Windows,Firefox,China,page40,LinkedIn,0.3813509596604605
139,139,23,196,2,Health,Tablet,Linux,Opera,India,page32,Direct,0.6328321938671168
171,171,40,117,38,Apparel,Mobile,Linux,Opera,Spain,page8,LinkedIn,1.27994454173342
246,246,67,124,8,Entertainment,Desktop,Windows,Opera,Canada,page10,Twitter,0.8929106714966453
303,303,91,184,46,Entertainment,Mobile,Windows,Chrome,Germany,page56,Google,0.7359736182833284
474,474,47,8,30,Electronics,Tablet,iOS,Edge,France,page55,Facebook,1.1297316878751889
479,479,78,61,23,Education,Desktop,Android,Chrome,Spain,page77,LinkedIn,1.0862538619541822
379,379,77,197,31,Electronics,Tablet,iOS,Edge,China,page56,Google,0.110704250998101
80,80,35,132,25,Services,Mobile,macOS,Opera,Australia,page80,Google,1.3805500256077132
360,360,46,138,7,Services,Desktop,Windows,Edge,China,page92,LinkedIn,0.5013998509343978
274,274,32,118,33,Apparel,Tablet,Windows,Firefox,UK,page50,LinkedIn,0.825681295402139
498,498,81,61,42,Apparel,Mobile,Linux,Edge,Spain,page21,Google,0.4058415286312959
172,172,24,118,6,Apparel,Mobile,iOS,Firefox,Australia,page31,Facebook,1.484801797947669
345,345,56,100,46,Entertainment,Mobile,macOS,Edge,Australia,page34,Twitter,0.2285600040701242
248,248,39,55,46,Education,Desktop,macOS,Chrome,Japan,page57,LinkedIn,0.3856642764937412
315,315,60,159,1,Services,Mobile,Linux,Edge,UK,page49,Direct,0.8974920769452909
316,316,14,142,25,Entertainment,Mobile,macOS,Firefox,Germany,page96,LinkedIn,0.5687845444888067
489,489,54,163,43,Services,Tablet,Android,Safari,China,page1,Direct,1.1459906523621397
388,388,60,103,48,Entertainment,Mobile,Android,Opera,Australia,page63,Direct,0.8405670854675262
340,340,62,9,2,Electronics,Mobile,iOS,Firefox,Germany,page12,Google,0.1394188891065396
201,201,24,123,6,Health,Mobile,Windows,Chrome,Germany,page67,Twitter,0.1336535789028468
304,304,3,88,32,Electronics,Tablet,Android,Edge,Japan,page62,Twitter,0.1689125666535926
239,239,46,86,17,Entertainment,Tablet,iOS,Edge,Australia,page3,Direct,1.0389918559128035
457,457,98,8,9,Services,Mobile,Windows,Safari,Spain,page21,Google,0.3801384414971029
39,39,27,81,10,Health,Mobile,Linux,Opera,China,page56,Facebook,0.3581038618040115
68,68,60,95,14,Electronics,Mobile,macOS,Opera,Germany,page66,LinkedIn,1.07054993529186
391,391,96,184,14,Apparel,Tablet,macOS,Firefox,Japan,page10,Google,0.7813233443417482
324,324,13,156,41,Services,Tablet,macOS,Chrome,France,page29,Google,0.5370089552998458
120,120,50,138,40,Education,Desktop,iOS,Chrome,Germany,page99,LinkedIn,0.8927751433245935
156,156,79,149,45,Education,Mobile,Linux,Chrome,China,page51,Google,0.3103135846531952
415,415,75,184,24,Apparel,Tablet,macOS,Safari,Canada,page8,Facebook,1.1425074409028495
117,117,49,159,29,Services,Desktop,iOS,Safari,Canada,page30,LinkedIn,1.1492009619294976
32,32,71,200,4,Apparel,Desktop,Linux,Opera,Canada,page24,Direct,0.1342953419257858
451,451,79,133,6,Health,Tablet,macOS,Chrome,USA,page79,Twitter,0.1789763774618068
193,193,81,29,30,Health,Mobile,iOS,Opera,France,page25,Direct,0.0144705499836406
264,264,49,30,21,Apparel,Desktop,Android,Firefox,Canada,page40,LinkedIn,0.8282184548253856
281,281,69,43,23,Health,Mobile,Windows,Edge,USA,page59,Google,0.9538488728986504
88,88,33,46,17,Services,Tablet,Linux,Edge,China,page91,Facebook,1.0649516461791673
251,251,9,137,3,Apparel,Mobile,iOS,Opera,Spain,page78,LinkedIn,0.8615311298148693
418,418,68,199,10,Education,Mobile,Windows,Safari,UK,page29,LinkedIn,0.4462512602270982
100,100,39,64,39,Health,Mobile,Android,Chrome,France,page19,Facebook,1.4542951873993022
216,216,36,113,28,Services,Desktop,macOS,Edge,France,page57,Facebook,0.8841532501201056
341,341,96,169,9,Entertainment,Desktop,Windows,Edge,France,page5,Facebook,0.8928362109453253
396,396,57,191,40,Education,Desktop,Android,Opera,India,page92,Direct,0.3870286497925114
265,265,20,100,38,Apparel,Mobile,macOS,Chrome,USA,page15,Google,0.6363576223977144
9,9,99,56,34,Electronics,Mobile,iOS,Safari,Spain,page24,Direct,0.2090358899020134
106,106,9,57,21,Electronics,Mobile,iOS,Firefox,UK,page61,Twitter,1.3994001000852374
200,200,64,2,32,Apparel,Tablet,Linux,Chrome,Japan,page94,Direct,1.478902497250169
31,31,71,189,46,Health,Tablet,Linux,Safari,France,page100,Direct,0.9435328919377016
182,182,16,44,35,Services,Tablet,iOS,Opera,Australia,page97,Direct,0.1766409387830599
221,221,2,107,41,Services,Mobile,macOS,Chrome,France,page60,Facebook,0.6908607411679221
96,96,98,26,29,Apparel,Desktop,Android,Chrome,Spain,page6,Twitter,0.0202180194802815
472,472,91,13,40,Electronics,Tablet,macOS,Safari,Japan,page3,LinkedIn,0.9847144835719792
267,267,10,58,13,Electronics,Mobile,macOS,Opera,Japan,page57,Google,0.3166241854051601
421,421,46,52,30,Health,Tablet,iOS,Edge,India,page19,Direct,0.257262284851896
436,436,5,118,8,Education,Tablet,Android,Chrome,USA,page50,Direct,1.156846078945076
344,344,12,190,1,Electronics,Tablet,Android,Opera,Japan,page89,Direct,1.055363970662026
237,237,1,24,47,Education,Desktop,Windows,Edge,UK,page16,Twitter,0.1321936335328192
262,262,46,87,48,Apparel,Tablet,macOS,Opera,Spain,page60,Twitter,0.922268302950388
309,309,93,113,5,Electronics,Mobile,macOS,Opera,USA,page44,Direct,0.0659227268313545
354,354,46,45,21,Apparel,Desktop,iOS,Opera,China,page76,Direct,1.2251857784227524
52,52,52,77,44,Entertainment,Mobile,Windows,Edge,Spain,page56,LinkedIn,0.1124265626411986
138,138,88,165,45,Services,Desktop,Windows,Edge,China,page4,Facebook,1.1380122308679796
167,167,76,163,29,Health,Desktop,macOS,Chrome,Canada,page32,Twitter,1.2261117339312486
8,8,15,131,26,Electronics,Desktop,Android,Chrome,Germany,page61,Direct,0.759829427434238
442,442,48,31,16,Apparel,Mobile,Windows,Chrome,Germany,page75,Twitter,0.552317544968008
207,207,76,150,6,Services,Desktop,macOS,Safari,Japan,page38,Facebook,0.0696409682826342
408,408,43,131,35,Services,Mobile,Linux,Edge,Spain,page71,Facebook,1.191078908502846
290,290,43,117,13,Education,Mobile,Android,Edge,Germany,page1,Twitter,1.1146548738964028
460,460,5,40,44,Apparel,Tablet,Windows,Edge,France,page14,Twitter,1.1140763995998897
473,473,62,13,11,Services,Tablet,iOS,Firefox,Japan,page39,Direct,0.0509709557953046
27,27,60,193,21,Health,Mobile,Windows,Chrome,Germany,page5,Google,0.48386222405981
59,59,53,89,17,Health,Desktop,Linux,Safari,Japan,page22,Direct,0.9130105527803218
195,195,1,139,49,Services,Desktop,iOS,Safari,France,page89,Twitter,1.3713363667135914
430,430,30,197,50,Health,Tablet,Linux,Safari,France,page81,Twitter,0.1119660336198172
150,150,66,149,14,Services,Desktop,Linux,Safari,Japan,page24,Facebook,0.1105240152412113
326,326,39,88,13,Electronics,Mobile,Android,Edge,Germany,page27,Direct,0.9547659889095172
191,191,77,97,18,Education,Tablet,iOS,Chrome,Spain,page31,Twitter,1.260585919396277
394,394,11,31,50,Education,Mobile,macOS,Safari,France,page47,Twitter,0.469911132761312
154,154,84,182,18,Services,Mobile,macOS,Chrome,UK,page71,Direct,0.1140250360230375
255,255,36,168,17,Education,Tablet,macOS,Opera,Spain,page82,Google,0.5941572881064531
286,286,86,76,25,Electronics,Tablet,iOS,Safari,France,page6,LinkedIn,0.7775304250488461
302,302,39,153,40,Health,Desktop,Windows,Chrome,Australia,page56,Google,0.8565983783472174
401,401,42,125,45,Apparel,Mobile,Windows,Opera,USA,page27,Facebook,0.9589422406585066
283,283,11,9,4,Services,Tablet,Android,Opera,India,page86,Google,1.3947375765767154
124,124,29,88,3,Entertainment,Desktop,Windows,Edge,India,page32,Twitter,1.390863538176589
287,287,28,136,4,Services,Desktop,Android,Safari,China,page54,Facebook,0.8329478848590044
321,321,71,87,36,Entertainment,Tablet,Android,Chrome,Spain,page49,Direct,0.9630189027568142
67,67,9,193,1,Entertainment,Desktop,Linux,Edge,India,page4,Direct,1.4929680546296933
462,462,50,113,35,Electronics,Tablet,Linux,Chrome,China,page15,Twitter,0.6880555349567248
92,92,91,6,15,Health,Mobile,Android,Firefox,Canada,page95,Facebook,0.768176131416759
151,151,41,101,38,Apparel,Desktop,Linux,Safari,UK,page100,Twitter,1.3011664562214365
247,247,80,121,25,Electronics,Mobile,macOS,Edge,USA,page44,LinkedIn,0.0860670992621741
268,268,50,131,20,Education,Mobile,Windows,Opera,France,page6,Direct,1.2279724932442724
333,333,85,31,2,Entertainment,Tablet,Windows,Firefox,Germany,page93,Twitter,1.3945259768643548
130,130,73,61,27,Health,Desktop,macOS,Chrome,Australia,page49,Facebook,0.4241028864988481
372,372,66,34,30,Electronics,Desktop,Linux,Chrome,France,page22,Direct,0.8739895387261093
229,229,73,65,38,Education,Desktop,Android,Edge,France,page94,Facebook,1.320519346830427
278,278,3,55,45,Entertainment,Mobile,macOS,Firefox,Spain,page4,LinkedIn,1.2833400014659628
332,332,13,184,28,Health,Tablet,Windows,Firefox,UK,page100,Twitter,0.1257851103675394
73,73,16,88,35,Education,Desktop,Android,Safari,UK,page93,LinkedIn,0.1828422798649387
26,26,59,143,19,Health,Desktop,macOS,Safari,France,page55,LinkedIn,0.3493997049050446
336,336,49,30,41,Health,Mobile,Linux,Chrome,India,page18,Direct,0.5540542880274024
325,325,4,77,45,Electronics,Mobile,Windows,Edge,UK,page79,LinkedIn,0.1973896161006648
270,270,98,76,40,Electronics,Desktop,Windows,Chrome,Canada,page42,Facebook,0.5589329428163872
346,346,14,30,40,Services,Tablet,Linux,Safari,France,page75,Direct,0.5059575364160284
54,54,45,111,46,Health,Mobile,Windows,Firefox,France,page97,LinkedIn,1.282051950185566
491,491,68,102,12,Apparel,Tablet,iOS,Opera,USA,page1,Direct,0.0845951978489046
254,254,67,2,32,Electronics,Mobile,Linux,Chrome,Spain,page12,Google,1.1360336134103532
432,432,73,92,22,Apparel,Tablet,macOS,Opera,UK,page57,Direct,0.2929849282288725
15,15,46,172,24,Entertainment,Tablet,iOS,Edge,USA,page30,Direct,0.4554824205508
91,91,84,104,33,Services,Mobile,Windows,Firefox,Germany,page95,Facebook,0.7686811671372528
445,445,77,25,36,Services,Desktop,Linux,Opera,China,page84,Google,1.053090218908847
497,497,9,177,1,Electronics,Mobile,Android,Safari,Canada,page100,Google,0.1418969273261006
397,397,92,92,43,Services,Mobile,Windows,Firefox,India,page88,Direct,1.083945172779119
327,327,76,86,49,Health,Tablet,iOS,Opera,India,page43,Twitter,0.2591748320492054
427,427,16,117,24,Health,Tablet,Linux,Firefox,China,page13,Twitter,1.1572827309108382
349,349,98,158,42,Electronics,Mobile,Linux,Chrome,France,page35,Facebook,1.1419315915204855
65,65,21,166,41,Health,Tablet,Windows,Edge,UK,page71,Google,0.8744385552558129
471,471,27,74,34,Education,Desktop,Android,Firefox,France,page51,Google,0.98989842617048
492,492,48,66,19,Electronics,Tablet,iOS,Chrome,India,page37,Google,0.638237890120487
357,357,47,189,39,Apparel,Mobile,Android,Chrome,China,page76,Google,0.2803579155174434
131,131,49,170,12,Education,Desktop,Linux,Firefox,Germany,page63,Google,0.9612017027856066
184,184,3,80,34,Services,Desktop,Android,Opera,China,page29,Direct,0.9401012663768886
222,222,54,122,37,Education,Desktop,Windows,Safari,Germany,page80,Google,0.3773803863412914
89,89,34,10,21,Apparel,Desktop,Android,Edge,Japan,page88,Facebook,0.3264968540788212
288,288,81,78,23,Health,Mobile,macOS,Chrome,China,page28,LinkedIn,0.0362381442291377
1,1,74,171,49,Entertainment,Desktop,macOS,Firefox,India,page95,LinkedIn,0.345810510212152
227,227,15,64,5,Apparel,Tablet,Windows,Edge,Spain,page50,Google,1.434634959254174
35,35,30,173,25,Electronics,Desktop,Linux,Safari,Canada,page56,Google,0.638627639205282
137,137,44,21,11,Entertainment,Tablet,iOS,Safari,UK,page17,Direct,1.1791923176704402
55,55,78,39,9,Health,Tablet,Linux,Edge,Japan,page96,Twitter,0.4219474652317778
242,242,3,152,1,Health,Desktop,Windows,Opera,France,page36,Google,0.7244130217177182
318,318,28,89,16,Entertainment,Mobile,macOS,Opera,Canada,page52,Twitter,0.9233560872254324
60,60,48,2,23,Entertainment,Tablet,macOS,Opera,Germany,page4,Twitter,1.4715366344836354
362,362,5,165,19,Apparel,Mobile,iOS,Edge,France,page82,Twitter,1.0375550223477417
368,368,17,72,7,Services,Desktop,Linux,Chrome,Australia,page11,LinkedIn,1.447280035927187
116,116,51,24,30,Education,Desktop,Android,Safari,Japan,page48,LinkedIn,1.3671043425799332
110,110,71,150,11,Electronics,Mobile,macOS,Firefox,India,page48,Facebook,1.1155125473023335
136,136,17,126,8,Entertainment,Tablet,Android,Firefox,China,page17,Facebook,1.3735566239384214
50,50,11,153,19,Electronics,Tablet,Linux,Chrome,USA,page32,LinkedIn,0.7955562009450685
260,260,48,62,17,Apparel,Desktop,Linux,Firefox,India,page38,Facebook,0.9528004264149847
85,85,79,188,24,Apparel,Tablet,Linux,Edge,India,page44,Direct,1.2126424242273606
159,159,52,60,40,Electronics,Desktop,macOS,Safari,Germany,page48,LinkedIn,1.027527801580008
393,393,16,121,45,Entertainment,Desktop,Windows,Firefox,UK,page1,LinkedIn,0.2321454523448999
406,406,3,104,8,Health,Desktop,Windows,Edge,France,page43,Facebook,0.500817009236312
164,164,22,97,18,Education,Desktop,iOS,Edge,China,page67,Direct,1.2036179867907713
77,77,4,49,32,Health,Mobile,Android,Chrome,Canada,page34,Twitter,0.6226912685459697
484,484,82,95,24,Electronics,Desktop,Linux,Opera,China,page71,Facebook,0.6808596924860376
293,293,48,36,45,Apparel,Tablet,Linux,Edge,Spain,page29,Facebook,0.3221938582646249
330,330,64,46,29,Electronics,Desktop,Android,Edge,Spain,page18,Direct,0.9665980005061792
400,400,90,100,30,Education,Mobile,Windows,Chrome,India,page85,LinkedIn,0.3465570551455095
296,296,51,125,9,Entertainment,Mobile,Android,Safari,USA,page30,Twitter,0.5301782558885864
482,482,37,197,20,Education,Tablet,macOS,Edge,USA,page18,Google,1.0818417453883178
99,99,96,111,10,Education,Mobile,Linux,Edge,USA,page81,Google,0.9695889203963698
84,84,7,179,8,Apparel,Desktop,Linux,Firefox,Australia,page63,Facebook,1.1944618062145942
46,46,5,118,43,Services,Mobile,Android,Edge,Spain,page29,Google,1.1513539261106174
7,7,10,27,42,Apparel,Tablet,iOS,Chrome,Spain,page94,Facebook,1.044571052917842
419,419,13,199,19,Health,Mobile,Linux,Opera,UK,page34,LinkedIn,0.8220612558163894
72,72,62,119,46,Entertainment,Tablet,iOS,Opera,Australia,page80,Twitter,1.3588167407494467
162,162,50,25,27,Apparel,Tablet,Windows,Safari,UK,page98,LinkedIn,1.1925613484718125
208,208,97,150,47,Apparel,Desktop,Windows,Chrome,France,page80,LinkedIn,0.3552769663548111
348,348,81,22,28,Electronics,Tablet,Linux,Opera,USA,page51,Google,1.4450550193337768
486,486,71,70,6,Entertainment,Mobile,Android,Edge,India,page10,Direct,0.8680773556414839
30,30,33,51,25,Electronics,Mobile,iOS,Safari,Canada,page3,Google,0.2095137397813026
28,28,12,12,43,Apparel,Desktop,Windows,Chrome,Australia,page30,Facebook,0.7623295503181657
252,252,56,189,29,Education,Desktop,macOS,Edge,Germany,page25,Google,1.19044131253467
431,431,66,172,34,Education,Desktop,iOS,Opera,Canada,page41,Facebook,1.1440979438473178
226,226,77,21,42,Education,Tablet,iOS,Safari,UK,page11,Twitter,0.2386210934374074
443,443,3,41,32,Electronics,Tablet,iOS,Safari,China,page94,Facebook,0.5350245053756951
447,447,32,107,41,Electronics,Mobile,iOS,Opera,India,page62,Google,1.3023130141401775
266,266,74,20,6,Electronics,Mobile,Linux,Edge,Australia,page58,Google,0.0291016234864769
108,108,75,147,47,Electronics,Desktop,Linux,Opera,France,page14,Facebook,0.7615196896554505
18,18,23,124,12,Services,Tablet,Windows,Opera,India,page81,LinkedIn,1.2375187279038826
285,285,91,118,41,Services,Mobile,iOS,Safari,Japan,page71,Twitter,1.3061472761784556
21,21,48,89,25,Health,Desktop,macOS,Safari,India,page63,Google,0.5905954595257152
98,98,48,25,16,Health,Tablet,Android,Chrome,China,page66,Facebook,1.0597548997148043
438,438,2,69,23,Apparel,Desktop,macOS,Opera,India,page40,Twitter,0.7594521508578486
269,269,42,126,19,Entertainment,Tablet,iOS,Edge,Germany,page30,Facebook,1.1688898569392665
233,233,91,149,24,Electronics,Desktop,Linux,Firefox,China,page38,Twitter,0.8553516435456104
141,141,8,123,5,Electronics,Mobile,iOS,Safari,China,page2,Twitter,0.788833045556344
129,129,68,22,7,Services,Desktop,Windows,Chrome,Japan,page7,Facebook,0.6966258591128456
424,424,32,23,28,Education,Tablet,iOS,Opera,France,page63,Google,1.03632228170736
337,337,61,15,22,Services,Tablet,Windows,Opera,Spain,page21,Direct,0.7903789042629479
101,101,24,91,31,Education,Mobile,iOS,Chrome,India,page27,Direct,1.064674820494589
12,12,54,91,30,Health,Mobile,macOS,Edge,Germany,page75,Facebook,0.4088546981833062
386,386,74,132,26,Health,Mobile,macOS,Opera,USA,page78,Twitter,0.8323541212478633
365,365,13,23,10,Services,Tablet,Android,Safari,Germany,page83,Direct,0.8890734407142993
335,335,48,128,18,Services,Desktop,iOS,Opera,Spain,page69,Facebook,1.298547631740623
29,29,77,155,50,Apparel,Desktop,Linux,Edge,Australia,page64,Twitter,0.9432340163523104
481,481,31,91,1,Services,Tablet,macOS,Chrome,Australia,page43,Twitter,1.146239780575589
33,33,73,7,8,Entertainment,Desktop,macOS,Edge,Canada,page76,Twitter,1.3837103027247617
253,253,9,122,10,Services,Desktop,Linux,Firefox,France,page39,Twitter,1.4424738799973074
297,297,80,5,27,Entertainment,Mobile,macOS,Edge,USA,page67,Google,0.8203425528676985
177,177,82,193,21,Entertainment,Mobile,Linux,Chrome,Japan,page84,Facebook,1.463858288430068
257,257,46,189,29,Education,Tablet,Android,Chrome,Japan,page37,Twitter,0.7990839277788219
467,467,76,142,40,Entertainment,Mobile,macOS,Safari,USA,page91,Google,0.20492383854715
402,402,83,92,7,Electronics,Desktop,Windows,Chrome,USA,page45,Google,0.8172675115524602
230,230,94,108,18,Health,Desktop,Windows,Edge,China,page64,Twitter,0.8017472116937622
82,82,77,84,30,Electronics,Desktop,Android,Firefox,Japan,page77,Facebook,0.798415515701947
10,10,46,38,12,Entertainment,Mobile,macOS,Opera,India,page54,Google,0.7295372988862662
277,277,17,183,32,Health,Desktop,Linux,Opera,UK,page66,Twitter,0.5441173837570562
291,291,82,146,23,Apparel,Tablet,Linux,Chrome,India,page9,Direct,0.7806744049513309
232,232,92,22,29,Apparel,Tablet,iOS,Opera,Japan,page57,Google,0.3494042476046471
378,378,33,34,25,Entertainment,Tablet,macOS,Chrome,UK,page22,Direct,0.7201351878690461
81,81,25,180,43,Services,Desktop,Android,Opera,France,page22,Twitter,0.1308319150937096
123,123,70,31,24,Apparel,Desktop,Linux,Safari,Japan,page25,LinkedIn,0.6414445026288554
371,371,35,24,31,Entertainment,Tablet,iOS,Opera,France,page30,LinkedIn,0.2286441401004636
305,305,65,49,8,Services,Desktop,Linux,Safari,Japan,page64,Facebook,0.7724924113976717
320,320,39,183,20,Electronics,Mobile,Windows,Safari,Spain,page36,Direct,0.8582151823637011
145,145,32,176,28,Entertainment,Desktop,Linux,Opera,Germany,page6,Direct,0.241788754327259
407,407,45,74,25,Apparel,Tablet,Android,Edge,Australia,page99,Direct,1.215876645462958
185,185,86,99,37,Education,Mobile,iOS,Safari,France,page95,Direct,0.6306475901614315
240,240,31,164,9,Electronics,Mobile,Windows,Edge,Canada,page71,Twitter,1.3847286178199083
449,449,7,142,10,Services,Desktop,Android,Safari,Germany,page49,Direct,0.0479829675801169
58,58,9,83,48,Electronics,Tablet,Android,Chrome,Canada,page43,Twitter,0.1003094941385285
53,53,64,107,6,Entertainment,Desktop,Windows,Safari,China,page63,LinkedIn,0.7288730172003964
97,97,46,51,50,Entertainment,Desktop,Android,Safari,USA,page97,Direct,0.363827601421989
196,196,88,32,45,Entertainment,Desktop,iOS,Chrome,Germany,page100,Facebook,0.0951849906893134
163,163,18,100,47,Entertainment,Desktop,Linux,Safari,China,page22,LinkedIn,1.1586191604875202
275,275,81,67,5,Apparel,Desktop,iOS,Firefox,USA,page42,LinkedIn,0.658023856856784
425,425,60,147,21,Health,Tablet,macOS,Chrome,Spain,page77,Direct,0.3624197962270502
103,103,2,132,24,Entertainment,Tablet,iOS,Opera,France,page27,Twitter,1.373010534078439
147,147,90,69,16,Services,Mobile,Linux,Safari,Germany,page42,Facebook,1.232304345636252
475,475,61,161,34,Apparel,Tablet,Linux,Edge,UK,page60,Direct,0.7770377836981016
4,4,50,179,11,Services,Mobile,macOS,Safari,Spain,page64,Direct,0.7781737934332975
57,57,67,57,36,Education,Tablet,iOS,Safari,Spain,page78,Twitter,1.2585665321439072
448,448,31,167,34,Services,Tablet,Windows,Chrome,France,page59,Twitter,1.3893083696199058
446,446,20,156,2,Apparel,Mobile,Windows,Safari,China,page28,Facebook,0.4863408222159954
353,353,57,49,22,Electronics,Mobile,macOS,Edge,Germany,page93,Facebook,0.063515770226529
199,199,63,80,30,Entertainment,Desktop,Android,Chrome,Spain,page51,Google,1.2156635786939385
319,319,31,152,3,Services,Mobile,iOS,Safari,France,page72,Direct,0.7731792669860926
56,56,76,36,10,Services,Mobile,Linux,Chrome,UK,page5,Google,1.0349344764115662
347,347,63,133,15,Entertainment,Mobile,macOS,Chrome,Germany,page10,Twitter,0.1491685941532902
405,405,94,85,45,Electronics,Tablet,iOS,Firefox,Germany,page38,Facebook,0.0301610965616925
434,434,69,4,44,Apparel,Tablet,Android,Opera,UK,page37,Google,0.4253854100890376
211,211,71,32,42,Apparel,Tablet,macOS,Opera,Germany,page92,Twitter,1.4096221570347731
439,439,9,139,38,Apparel,Tablet,Linux,Safari,France,page98,Google,1.325317815357809
204,204,87,143,27,Apparel,Desktop,Android,Opera,China,page39,Google,1.4242594774662156
144,144,100,86,28,Apparel,Mobile,iOS,Opera,UK,page16,Facebook,0.3000182704578432
466,466,77,54,30,Apparel,Tablet,Linux,Opera,France,page48,Facebook,0.6517435894457823
383,383,22,150,21,Electronics,Mobile,macOS,Safari,Germany,page9,Direct,1.3592023115230127
355,355,22,105,3,Education,Desktop,Windows,Opera,Japan,page92,LinkedIn,1.4937052851463095
219,219,75,40,39,Apparel,Desktop,iOS,Opera,Spain,page34,Twitter,1.255020754040442
132,132,63,45,13,Entertainment,Tablet,Linux,Safari,Japan,page22,LinkedIn,0.6576876884138194
435,435,45,18,39,Services,Desktop,iOS,Opera,China,page55,Facebook,0.130899131833735
